group	tag	arm	orig_raw	snr	orig_fail	orig_n	orig_wilson_lo	orig_wilson_hi	new_fail	new_n	new_bler	inside
D2 C2 (Sparse specular 8×4)	FHSPB16e4k	SBL-loop	SPB16e4k	6.000000e+00	48	2560	1.417138e-02	2.477076e-02	363	20480	1.772461e-02	True
D2 C2 (Sparse specular 8×4)	FHSPB16e4k	SBL-loop	SPB16e4k	9.000000e+00	25	2560	6.623469e-03	1.437684e-02	204	20480	9.960937e-03	True
D2 C2 (Sparse specular 8×4)	FHSPB16e4k	SBL-loop	SPB16e4k	1.200000e+01	27	2560	7.258572e-03	1.530189e-02	116	20480	5.664062e-03	False
D2 C2 (Sparse specular 8×4)	FHSPB16e4k	SBL-loop	SPB16e4k	1.500000e+01	10	2560	2.123204e-03	7.175912e-03	87	20480	4.248047e-03	True
D2 C2 (Sparse specular 8×4)	FHSPB16e4k	SBL-pilot	SPB16e4k	6.000000e+00	51	2560	1.518480e-02	2.609757e-02	378	20480	1.845703e-02	True
D2 C2 (Sparse specular 8×4)	FHSPB16e4k	SBL-pilot	SPB16e4k	9.000000e+00	27	2560	7.258572e-03	1.530189e-02	204	20480	9.960937e-03	True
D2 C2 (Sparse specular 8×4)	FHSPB16e4k	SBL-pilot	SPB16e4k	1.200000e+01	28	2560	7.578133e-03	1.576241e-02	140	20480	6.835938e-03	False
D2 C2 (Sparse specular 8×4)	FHSPB16e4k	SBL-pilot	SPB16e4k	1.500000e+01	10	2560	2.123204e-03	7.175912e-03	88	20480	4.296875e-03	True
D2 C2 (Sparse specular 8×4)	FHSPB16e4k	OMP-pilot	SPB16e4k	6.000000e+00	77	2560	2.413339e-02	3.743105e-02	618	20480	3.017578e-02	True
D2 C2 (Sparse specular 8×4)	FHSPB16e4k	OMP-pilot	SPB16e4k	9.000000e+00	62	2560	1.893856e-02	3.092469e-02	472	20480	2.304688e-02	True
D2 C2 (Sparse specular 8×4)	FHSPB16e4k	OMP-pilot	SPB16e4k	1.200000e+01	60	2560	1.825208e-02	3.005101e-02	368	20480	1.796875e-02	False
D2 C2 (Sparse specular 8×4)	FHSPB16e4k	OMP-pilot	SPB16e4k	1.500000e+01	34	2560	9.519730e-03	1.850129e-02	298	20480	1.455078e-02	True
D2 C2 (Sparse specular 8×4)	FHPILB16e4k	V1-pilot	PILB16e4k	6.000000e+00	17	2560	4.150261e-03	1.060941e-02	119	20480	5.810547e-03	True
D2 C2 (Sparse specular 8×4)	FHPILB16e4k	V1-pilot	PILB16e4k	9.000000e+00	6	2560	1.074591e-03	5.104208e-03	62	20480	3.027344e-03	True
D2 C2 (Sparse specular 8×4)	FHPILB16e4k	V1-pilot	PILB16e4k	1.200000e+01	6	2560	1.074591e-03	5.104208e-03	33	20480	1.611328e-03	True
D2 C2 (Sparse specular 8×4)	FHPILB16e4k	V1-pilot	PILB16e4k	1.500000e+01	3	2560	3.986215e-04	3.439938e-03	27	20480	1.318359e-03	True
D2 C2 (Sparse specular 8×4)	FHPILB16e4k	bstar-pilot	PILB16e4k	6.000000e+00	33	2560	9.193508e-03	1.804743e-02	254	20480	1.240234e-02	True
D2 C2 (Sparse specular 8×4)	FHPILB16e4k	bstar-pilot	PILB16e4k	9.000000e+00	15	2560	3.554112e-03	9.645401e-03	152	20480	7.421875e-03	True
D2 C2 (Sparse specular 8×4)	FHPILB16e4k	bstar-pilot	PILB16e4k	1.200000e+01	16	2560	3.850803e-03	1.012879e-02	92	20480	4.492187e-03	True
D2 C2 (Sparse specular 8×4)	FHPILB16e4k	bstar-pilot	PILB16e4k	1.500000e+01	10	2560	2.123204e-03	7.175912e-03	82	20480	4.003906e-03	True
D2 C2 (Sparse specular 8×4)	FHB16e4k	R0-pilot	B16e4k	6.000000e+00	63	2560	1.928240e-02	3.136093e-02	518	20480	2.529297e-02	True
D2 C2 (Sparse specular 8×4)	FHB16e4k	R0-pilot	B16e4k	9.000000e+00	35	2560	9.846897e-03	1.895421e-02	311	20480	1.518555e-02	True
D2 C2 (Sparse specular 8×4)	FHB16e4k	R0-pilot	B16e4k	1.200000e+01	28	2560	7.578133e-03	1.576241e-02	203	20480	9.912109e-03	True
D2 C2 (Sparse specular 8×4)	FHB16e4k	R0-pilot	B16e4k	1.500000e+01	14	2560	3.260451e-03	9.158982e-03	137	20480	6.689453e-03	True
D3 (S2c) C2	FHD3B16e4	R0-pilot	D3B16e4	6.000000e+00	218	2560	7.495596e-02	9.659968e-02	1449	20480	7.075195e-02	False
D3 (S2c) C2	FHD3B16e4	R0-pilot	D3B16e4	9.000000e+00	97	2560	3.116004e-02	4.600599e-02	796	20480	3.886719e-02	True
D3 (S2c) C2	FHD3B16e4	R0-pilot	D3B16e4	1.200000e+01	60	2560	1.825208e-02	3.005101e-02	464	20480	2.265625e-02	True
D3 (S2c) C2	FHD3B16e4	R0-pilot	D3B16e4	1.500000e+01	30	2560	8.220939e-03	1.667977e-02	272	20480	1.328125e-02	True
D3 (S2c) C2	FHD3B16e4	R1-turbo	D3B16e4	6.000000e+00	298	2560	1.045535e-01	1.294084e-01	2148	20480	1.048828e-01	True
D3 (S2c) C2	FHD3B16e4	R1-turbo	D3B16e4	9.000000e+00	136	2560	4.508721e-02	6.250191e-02	1164	20480	5.683594e-02	True
D3 (S2c) C2	FHD3B16e4	R1-turbo	D3B16e4	1.200000e+01	84	2560	2.658137e-02	4.044362e-02	678	20480	3.310547e-02	True
D3 (S2c) C2	FHD3B16e4	R1-turbo	D3B16e4	1.500000e+01	40	2560	1.149563e-02	2.120587e-02	380	20480	1.855469e-02	True
D3 (S2c) C2	FHD3B16e4	R2-ours-G	D3B16e4	6.000000e+00	199	2560	6.798354e-02	8.875059e-02	1237	20480	6.040039e-02	False
D3 (S2c) C2	FHD3B16e4	R2-ours-G	D3B16e4	9.000000e+00	75	2560	2.343651e-02	3.656777e-02	750	20480	3.662109e-02	False
D3 (S2c) C2	FHD3B16e4	R2-ours-G	D3B16e4	1.200000e+01	57	2560	1.722550e-02	2.873735e-02	436	20480	2.128906e-02	True
D3 (S2c) C2	FHD3B16e4	R2-ours-G	D3B16e4	1.500000e+01	22	2560	5.682068e-03	1.297800e-02	234	20480	1.142578e-02	True
D3 (S2c) C2	FHD3B16e4	R3-bigamp	D3B16e4	6.000000e+00	403	2560	1.438284e-01	1.720419e-01	2991	20480	1.460449e-01	True
D3 (S2c) C2	FHD3B16e4	R3-bigamp	D3B16e4	9.000000e+00	294	2560	1.030659e-01	1.277758e-01	2656	20480	1.296875e-01	False
D3 (S2c) C2	FHD3B16e4	R3-bigamp	D3B16e4	1.200000e+01	348	2560	1.232056e-01	1.497603e-01	2882	20480	1.407227e-01	True
D3 (S2c) C2	FHD3B16e4	R3-bigamp	D3B16e4	1.500000e+01	356	2560	1.261989e-01	1.530077e-01	2720	20480	1.328125e-01	True
D3 (S2c) C2	FHD3B16e4	M-ours-bstar	D3B16e4	6.000000e+00	111	2560	3.613045e-02	5.195669e-02	788	20480	3.847656e-02	True
D3 (S2c) C2	FHD3B16e4	M-ours-bstar	D3B16e4	9.000000e+00	53	2560	1.586308e-02	2.697945e-02	429	20480	2.094727e-02	True
D3 (S2c) C2	FHD3B16e4	M-ours-bstar	D3B16e4	1.200000e+01	36	2560	1.017497e-02	1.940621e-02	225	20480	1.098633e-02	True
D3 (S2c) C2	FHD3B16e4	M-ours-bstar	D3B16e4	1.500000e+01	12	2560	2.683508e-03	8.175767e-03	142	20480	6.933594e-03	True
D3 (S2c) C2	FHD3B16e4	M-ours-dscore-C-V1	D3B16e4	6.000000e+00	64	2560	1.962663e-02	3.179678e-02	399	20480	1.948242e-02	False
D3 (S2c) C2	FHD3B16e4	M-ours-dscore-C-V1	D3B16e4	9.000000e+00	27	2560	7.258572e-03	1.530189e-02	182	20480	8.886719e-03	True
D3 (S2c) C2	FHD3B16e4	M-ours-dscore-C-V1	D3B16e4	1.200000e+01	22	2560	5.682068e-03	1.297800e-02	101	20480	4.931641e-03	False
D3 (S2c) C2	FHD3B16e4	M-ours-dscore-C-V1	D3B16e4	1.500000e+01	5	2560	8.345378e-04	4.564181e-03	55	20480	2.685547e-03	True
D3 (S2c) C2	FHD3B16e4	R5-genie	D3B16e4	6.000000e+00	35	2560	9.846897e-03	1.895421e-02	182	20480	8.886719e-03	False
D3 (S2c) C2	FHD3B16e4	R5-genie	D3B16e4	9.000000e+00	10	2560	2.123204e-03	7.175912e-03	107	20480	5.224609e-03	True
D3 (S2c) C2	FHD3B16e4	R5-genie	D3B16e4	1.200000e+01	14	2560	3.260451e-03	9.158982e-03	57	20480	2.783203e-03	False
D3 (S2c) C2	FHD3B16e4	R5-genie	D3B16e4	1.500000e+01	3	2560	3.986215e-04	3.439938e-03	26	20480	1.269531e-03	True
D3 (S2c) C2	FHSPD3	SBL-loop	SPD3	6.000000e+00	143	2560	4.761064e-02	6.543904e-02	1028	20480	5.019531e-02	True
D3 (S2c) C2	FHSPD3	SBL-loop	SPD3	9.000000e+00	62	2560	1.893856e-02	3.092469e-02	500	20480	2.441406e-02	True
D3 (S2c) C2	FHSPD3	SBL-loop	SPD3	1.200000e+01	53	2560	1.586308e-02	2.697945e-02	332	20480	1.621094e-02	True
D3 (S2c) C2	FHSPD3	SBL-loop	SPD3	1.500000e+01	16	2560	3.850803e-03	1.012879e-02	167	20480	8.154297e-03	True
D3 (S2c) C2	FHSPD3	SBL-pilot	SPD3	6.000000e+00	154	2560	5.158784e-02	7.004272e-02	1084	20480	5.292969e-02	True
D3 (S2c) C2	FHSPD3	SBL-pilot	SPD3	9.000000e+00	67	2560	2.066156e-02	3.310208e-02	551	20480	2.690430e-02	True
D3 (S2c) C2	FHSPD3	SBL-pilot	SPD3	1.200000e+01	47	2560	1.383470e-02	2.432736e-02	349	20480	1.704102e-02	True
D3 (S2c) C2	FHSPD3	SBL-pilot	SPD3	1.500000e+01	16	2560	3.850803e-03	1.012879e-02	164	20480	8.007812e-03	True
D3 (S2c) C2	FHSPD3	OMP-pilot	SPD3	6.000000e+00	221	2560	7.605918e-02	9.783670e-02	1627	20480	7.944336e-02	True
D3 (S2c) C2	FHSPD3	OMP-pilot	SPD3	9.000000e+00	116	2560	3.791414e-02	5.407340e-02	1081	20480	5.278320e-02	True
D3 (S2c) C2	FHSPD3	OMP-pilot	SPD3	1.200000e+01	71	2560	2.204642e-02	3.483754e-02	645	20480	3.149414e-02	True
D3 (S2c) C2	FHSPD3	OMP-pilot	SPD3	1.500000e+01	49	2560	1.450863e-02	2.521358e-02	450	20480	2.197266e-02	True
D3 (S2c) C2	FHPILD3	V1-pilot	PILD3	6.000000e+00	80	2560	2.518088e-02	3.872379e-02	481	20480	2.348633e-02	False
D3 (S2c) C2	FHPILD3	V1-pilot	PILD3	9.000000e+00	31	2560	8.544066e-03	1.713672e-02	201	20480	9.814453e-03	True
D3 (S2c) C2	FHPILD3	V1-pilot	PILD3	1.200000e+01	25	2560	6.623469e-03	1.437684e-02	116	20480	5.664062e-03	False
D3 (S2c) C2	FHPILD3	V1-pilot	PILD3	1.500000e+01	7	2560	1.325166e-03	5.633711e-03	57	20480	2.783203e-03	True
D3 (S2c) C2	FHPILD3	bstar-pilot	PILD3	6.000000e+00	132	2560	4.364807e-02	6.082073e-02	919	20480	4.487305e-02	True
D3 (S2c) C2	FHPILD3	bstar-pilot	PILD3	9.000000e+00	62	2560	1.893856e-02	3.092469e-02	474	20480	2.314453e-02	True
D3 (S2c) C2	FHPILD3	bstar-pilot	PILD3	1.200000e+01	39	2560	1.116427e-02	2.075715e-02	248	20480	1.210938e-02	True
D3 (S2c) C2	FHPILD3	bstar-pilot	PILD3	1.500000e+01	12	2560	2.683508e-03	8.175767e-03	155	20480	7.568359e-03	True
SV8e C2	FHSVB16e4	R0-pilot	SVB16e4	6.000000e+00	6	2560	1.074591e-03	5.104208e-03	28	20480	1.367187e-03	True
SV8e C2	FHSVB16e4	R0-pilot	SVB16e4	9.000000e+00	1	2560	6.895823e-05	2.209443e-03	11	20480	5.371094e-04	True
SV8e C2	FHSVB16e4	R0-pilot	SVB16e4	1.200000e+01	0	2560	0.000000e+00	1.498322e-03	1	20480	4.882813e-05	True
SV8e C2	FHSVB16e4	R0-pilot	SVB16e4	1.500000e+01	0	2560	0.000000e+00	1.498322e-03	0	20480	0.000000e+00	True
SV8e C2	FHSVB16e4	R1-turbo	SVB16e4	6.000000e+00	5	2560	8.345378e-04	4.564181e-03	58	20480	2.832031e-03	True
SV8e C2	FHSVB16e4	R1-turbo	SVB16e4	9.000000e+00	2	2560	2.142731e-04	2.844207e-03	22	20480	1.074219e-03	True
SV8e C2	FHSVB16e4	R1-turbo	SVB16e4	1.200000e+01	0	2560	0.000000e+00	1.498322e-03	2	20480	9.765625e-05	True
SV8e C2	FHSVB16e4	R1-turbo	SVB16e4	1.500000e+01	1	2560	6.895823e-05	2.209443e-03	0	20480	0.000000e+00	False
SV8e C2	FHSVB16e4	R2-ours-G	SVB16e4	6.000000e+00	2	2560	2.142731e-04	2.844207e-03	14	20480	6.835937e-04	True
SV8e C2	FHSVB16e4	R2-ours-G	SVB16e4	9.000000e+00	0	2560	0.000000e+00	1.498322e-03	6	20480	2.929687e-04	True
SV8e C2	FHSVB16e4	R2-ours-G	SVB16e4	1.200000e+01	0	2560	0.000000e+00	1.498322e-03	0	20480	0.000000e+00	True
SV8e C2	FHSVB16e4	R2-ours-G	SVB16e4	1.500000e+01	0	2560	0.000000e+00	1.498322e-03	0	20480	0.000000e+00	True
SV8e C2	FHSVB16e4	R3-bigamp	SVB16e4	6.000000e+00	25	2560	6.623469e-03	1.437684e-02	181	20480	8.837891e-03	True
SV8e C2	FHSVB16e4	R3-bigamp	SVB16e4	9.000000e+00	17	2560	4.150261e-03	1.060941e-02	155	20480	7.568359e-03	True
SV8e C2	FHSVB16e4	R3-bigamp	SVB16e4	1.200000e+01	14	2560	3.260451e-03	9.158982e-03	120	20480	5.859375e-03	True
SV8e C2	FHSVB16e4	R3-bigamp	SVB16e4	1.500000e+01	26	2560	6.940326e-03	1.484006e-02	132	20480	6.445312e-03	False
SV8e C2	FHSVB16e4	M-ours-bstar	SVB16e4	6.000000e+00	0	2560	0.000000e+00	1.498322e-03	10	20480	4.882812e-04	True
SV8e C2	FHSVB16e4	M-ours-bstar	SVB16e4	9.000000e+00	0	2560	0.000000e+00	1.498322e-03	3	20480	1.464844e-04	True
SV8e C2	FHSVB16e4	M-ours-bstar	SVB16e4	1.200000e+01	0	2560	0.000000e+00	1.498322e-03	0	20480	0.000000e+00	True
SV8e C2	FHSVB16e4	M-ours-bstar	SVB16e4	1.500000e+01	0	2560	0.000000e+00	1.498322e-03	0	20480	0.000000e+00	True
SV8e C2	FHSVB16e4	M-ours-dscore-C-V1	SVB16e4	6.000000e+00	0	2560	0.000000e+00	1.498322e-03	2	20480	9.765625e-05	True
SV8e C2	FHSVB16e4	M-ours-dscore-C-V1	SVB16e4	9.000000e+00	0	2560	0.000000e+00	1.498322e-03	1	20480	4.882813e-05	True
SV8e C2	FHSVB16e4	M-ours-dscore-C-V1	SVB16e4	1.200000e+01	0	2560	0.000000e+00	1.498322e-03	1	20480	4.882813e-05	True
SV8e C2	FHSVB16e4	M-ours-dscore-C-V1	SVB16e4	1.500000e+01	0	2560	0.000000e+00	1.498322e-03	0	20480	0.000000e+00	True
SV8e C2	FHSVB16e4	R5-genie	SVB16e4	6.000000e+00	1	2560	6.895823e-05	2.209443e-03	1	20480	4.882813e-05	False
SV8e C2	FHSVB16e4	R5-genie	SVB16e4	9.000000e+00	0	2560	0.000000e+00	1.498322e-03	0	20480	0.000000e+00	True
SV8e C2	FHSVB16e4	R5-genie	SVB16e4	1.200000e+01	0	2560	0.000000e+00	1.498322e-03	0	20480	0.000000e+00	True
SV8e C2	FHSVB16e4	R5-genie	SVB16e4	1.500000e+01	0	2560	0.000000e+00	1.498322e-03	0	20480	0.000000e+00	True
SV8e C2	FHSPSV	SBL-loop	SPSV	6.000000e+00	2	2560	2.142731e-04	2.844207e-03	14	20480	6.835937e-04	True
SV8e C2	FHSPSV	SBL-loop	SPSV	9.000000e+00	0	2560	0.000000e+00	1.498322e-03	5	20480	2.441406e-04	True
SV8e C2	FHSPSV	SBL-loop	SPSV	1.200000e+01	0	2560	0.000000e+00	1.498322e-03	0	20480	0.000000e+00	True
SV8e C2	FHSPSV	SBL-loop	SPSV	1.500000e+01	0	2560	0.000000e+00	1.498322e-03	0	20480	0.000000e+00	True
SV8e C2	FHSPSV	SBL-pilot	SPSV	6.000000e+00	3	2560	3.986215e-04	3.439938e-03	12	20480	5.859375e-04	True
SV8e C2	FHSPSV	SBL-pilot	SPSV	9.000000e+00	0	2560	0.000000e+00	1.498322e-03	5	20480	2.441406e-04	True
SV8e C2	FHSPSV	SBL-pilot	SPSV	1.200000e+01	0	2560	0.000000e+00	1.498322e-03	0	20480	0.000000e+00	True
SV8e C2	FHSPSV	SBL-pilot	SPSV	1.500000e+01	0	2560	0.000000e+00	1.498322e-03	0	20480	0.000000e+00	True
SV8e C2	FHSPSV	OMP-pilot	SPSV	6.000000e+00	12	2560	2.683508e-03	8.175767e-03	85	20480	4.150391e-03	True
SV8e C2	FHSPSV	OMP-pilot	SPSV	9.000000e+00	1	2560	6.895823e-05	2.209443e-03	17	20480	8.300781e-04	True
SV8e C2	FHSPSV	OMP-pilot	SPSV	1.200000e+01	0	2560	0.000000e+00	1.498322e-03	3	20480	1.464844e-04	True
SV8e C2	FHSPSV	OMP-pilot	SPSV	1.500000e+01	0	2560	0.000000e+00	1.498322e-03	1	20480	4.882813e-05	True
SV8e C2	FHPILSV	V1-pilot	PILSV	6.000000e+00	0	2560	0.000000e+00	1.498322e-03	8	20480	3.906250e-04	True
SV8e C2	FHPILSV	V1-pilot	PILSV	9.000000e+00	0	2560	0.000000e+00	1.498322e-03	3	20480	1.464844e-04	True
SV8e C2	FHPILSV	V1-pilot	PILSV	1.200000e+01	0	2560	0.000000e+00	1.498322e-03	0	20480	0.000000e+00	True
SV8e C2	FHPILSV	V1-pilot	PILSV	1.500000e+01	0	2560	0.000000e+00	1.498322e-03	0	20480	0.000000e+00	True
SV8e C2	FHPILSV	bstar-pilot	PILSV	6.000000e+00	0	2560	0.000000e+00	1.498322e-03	3	20480	1.464844e-04	True
SV8e C2	FHPILSV	bstar-pilot	PILSV	9.000000e+00	0	2560	0.000000e+00	1.498322e-03	2	20480	9.765625e-05	True
SV8e C2	FHPILSV	bstar-pilot	PILSV	1.200000e+01	0	2560	0.000000e+00	1.498322e-03	0	20480	0.000000e+00	True
SV8e C2	FHPILSV	bstar-pilot	PILSV	1.500000e+01	0	2560	0.000000e+00	1.498322e-03	0	20480	0.000000e+00	True
UMi28 C2	FHU28B16e4	R0-pilot	U28B16e4	6.000000e+00	371	2560	1.318174e-01	1.590904e-01	3066	20480	1.497070e-01	True
UMi28 C2	FHU28B16e4	R0-pilot	U28B16e4	9.000000e+00	190	2560	6.469024e-02	8.502318e-02	1660	20480	8.105469e-02	True
UMi28 C2	FHU28B16e4	R0-pilot	U28B16e4	1.200000e+01	92	2560	2.939442e-02	4.387121e-02	810	20480	3.955078e-02	True
UMi28 C2	FHU28B16e4	R0-pilot	U28B16e4	1.500000e+01	51	2560	1.518480e-02	2.609757e-02	351	20480	1.713867e-02	True
UMi28 C2	FHU28B16e4	R1-turbo	U28B16e4	6.000000e+00	440	2560	1.577549e-01	1.869784e-01	3585	20480	1.750488e-01	True
UMi28 C2	FHU28B16e4	R1-turbo	U28B16e4	9.000000e+00	228	2560	7.863564e-02	1.007208e-01	1911	20480	9.331055e-02	True
UMi28 C2	FHU28B16e4	R1-turbo	U28B16e4	1.200000e+01	107	2560	3.470659e-02	5.026023e-02	949	20480	4.633789e-02	True
UMi28 C2	FHU28B16e4	R1-turbo	U28B16e4	1.500000e+01	57	2560	1.722550e-02	2.873735e-02	392	20480	1.914063e-02	True
UMi28 C2	FHU28B16e4	R2-ours-G	U28B16e4	6.000000e+00	334	2560	1.179731e-01	1.440718e-01	2798	20480	1.366211e-01	True
UMi28 C2	FHU28B16e4	R2-ours-G	U28B16e4	9.000000e+00	172	2560	5.812387e-02	7.754812e-02	1529	20480	7.465820e-02	True
UMi28 C2	FHU28B16e4	R2-ours-G	U28B16e4	1.200000e+01	80	2560	2.518088e-02	3.872379e-02	769	20480	3.754883e-02	True
UMi28 C2	FHU28B16e4	R2-ours-G	U28B16e4	1.500000e+01	48	2560	1.417138e-02	2.477076e-02	323	20480	1.577148e-02	True
UMi28 C2	FHU28B16e4	R3-bigamp	U28B16e4	6.000000e+00	745	2560	2.737435e-01	3.089140e-01	6021	20480	2.939941e-01	True
UMi28 C2	FHU28B16e4	R3-bigamp	U28B16e4	9.000000e+00	715	2560	2.622579e-01	2.969973e-01	5791	20480	2.827637e-01	True
UMi28 C2	FHU28B16e4	R3-bigamp	U28B16e4	1.200000e+01	777	2560	2.860105e-01	3.216095e-01	6126	20480	2.991211e-01	True
UMi28 C2	FHU28B16e4	R3-bigamp	U28B16e4	1.500000e+01	766	2560	2.817920e-01	3.172472e-01	6030	20480	2.944336e-01	True
UMi28 C2	FHU28B16e4	M-ours-bstar	U28B16e4	6.000000e+00	243	2560	8.416696e-02	1.068907e-01	2029	20480	9.907227e-02	True
UMi28 C2	FHU28B16e4	M-ours-bstar	U28B16e4	9.000000e+00	126	2560	4.149345e-02	5.829488e-02	1079	20480	5.268555e-02	True
UMi28 C2	FHU28B16e4	M-ours-bstar	U28B16e4	1.200000e+01	69	2560	2.135331e-02	3.397049e-02	546	20480	2.666016e-02	True
UMi28 C2	FHU28B16e4	M-ours-bstar	U28B16e4	1.500000e+01	27	2560	7.258572e-03	1.530189e-02	223	20480	1.088867e-02	True
UMi28 C2	FHU28B16e4	M-ours-dscore-C-V1	U28B16e4	6.000000e+00	215	2560	7.385336e-02	9.536204e-02	1746	20480	8.525391e-02	True
UMi28 C2	FHU28B16e4	M-ours-dscore-C-V1	U28B16e4	9.000000e+00	104	2560	3.364060e-02	4.898599e-02	866	20480	4.228516e-02	True
UMi28 C2	FHU28B16e4	M-ours-dscore-C-V1	U28B16e4	1.200000e+01	44	2560	1.282828e-02	2.299354e-02	386	20480	1.884766e-02	True
UMi28 C2	FHU28B16e4	M-ours-dscore-C-V1	U28B16e4	1.500000e+01	24	2560	6.308079e-03	1.391215e-02	145	20480	7.080078e-03	True
UMi28 C2	FHU28B16e4	R5-genie	U28B16e4	6.000000e+00	58	2560	1.756726e-02	2.917567e-02	525	20480	2.563477e-02	True
UMi28 C2	FHU28B16e4	R5-genie	U28B16e4	9.000000e+00	26	2560	6.940326e-03	1.484006e-02	216	20480	1.054688e-02	True
UMi28 C2	FHU28B16e4	R5-genie	U28B16e4	1.200000e+01	8	2560	1.584337e-03	6.154620e-03	81	20480	3.955078e-03	True
UMi28 C2	FHU28B16e4	R5-genie	U28B16e4	1.500000e+01	3	2560	3.986215e-04	3.439938e-03	23	20480	1.123047e-03	True
UMi28 C2	FHSPU28	SBL-loop	SPU28	6.000000e+00	291	2560	1.019506e-01	1.265508e-01	2392	20480	1.167969e-01	True
UMi28 C2	FHSPU28	SBL-loop	SPU28	9.000000e+00	150	2560	5.013999e-02	6.837025e-02	1293	20480	6.313477e-02	True
UMi28 C2	FHSPU28	SBL-loop	SPU28	1.200000e+01	66	2560	2.031622e-02	3.266734e-02	627	20480	3.061523e-02	True
UMi28 C2	FHSPU28	SBL-loop	SPU28	1.500000e+01	42	2560	1.216056e-02	2.210110e-02	236	20480	1.152344e-02	False
UMi28 C2	FHSPU28	SBL-pilot	SPU28	6.000000e+00	307	2560	1.079033e-01	1.330794e-01	2576	20480	1.257813e-01	True
UMi28 C2	FHSPU28	SBL-pilot	SPU28	9.000000e+00	166	2560	5.594160e-02	7.504991e-02	1408	20480	6.875000e-02	True
UMi28 C2	FHSPU28	SBL-pilot	SPU28	1.200000e+01	77	2560	2.413339e-02	3.743105e-02	669	20480	3.266602e-02	True
UMi28 C2	FHSPU28	SBL-pilot	SPU28	1.500000e+01	44	2560	1.282828e-02	2.299354e-02	268	20480	1.308594e-02	True
UMi28 C2	FHSPU28	OMP-pilot	SPU28	6.000000e+00	492	2560	1.773900e-01	2.079074e-01	4006	20480	1.956055e-01	True
UMi28 C2	FHSPU28	OMP-pilot	SPU28	9.000000e+00	278	2560	9.712271e-02	1.212377e-01	2290	20480	1.118164e-01	True
UMi28 C2	FHSPU28	OMP-pilot	SPU28	1.200000e+01	152	2560	5.086369e-02	6.920670e-02	1186	20480	5.791016e-02	True
UMi28 C2	FHSPU28	OMP-pilot	SPU28	1.500000e+01	80	2560	2.518088e-02	3.872379e-02	550	20480	2.685547e-02	True
UMi28 C2	FHPILU28	V1-pilot	PILU28	6.000000e+00	229	2560	7.900396e-02	1.011325e-01	1937	20480	9.458008e-02	True
UMi28 C2	FHPILU28	V1-pilot	PILU28	9.000000e+00	106	2560	3.435107e-02	4.983567e-02	961	20480	4.692383e-02	True
UMi28 C2	FHPILU28	V1-pilot	PILU28	1.200000e+01	53	2560	1.586308e-02	2.697945e-02	419	20480	2.045898e-02	True
UMi28 C2	FHPILU28	V1-pilot	PILU28	1.500000e+01	26	2560	6.940326e-03	1.484006e-02	157	20480	7.666016e-03	True
UMi28 C2	FHPILU28	bstar-pilot	PILU28	6.000000e+00	264	2560	9.193263e-02	1.155067e-01	2233	20480	1.090332e-01	True
UMi28 C2	FHPILU28	bstar-pilot	PILU28	9.000000e+00	132	2560	4.364807e-02	6.082073e-02	1187	20480	5.795898e-02	True
UMi28 C2	FHPILU28	bstar-pilot	PILU28	1.200000e+01	76	2560	2.378480e-02	3.699956e-02	592	20480	2.890625e-02	True
UMi28 C2	FHPILU28	bstar-pilot	PILU28	1.500000e+01	31	2560	8.544066e-03	1.713672e-02	229	20480	1.118164e-02	True
MIX3 C2	FHMXB16e4	R0-pilot	MXB16e4	6.000000e+00	408	2560	1.457080e-01	1.740627e-01	3187	20480	1.556152e-01	True
MIX3 C2	FHMXB16e4	R0-pilot	MXB16e4	9.000000e+00	236	2560	8.158397e-02	1.040131e-01	1768	20480	8.632813e-02	True
MIX3 C2	FHMXB16e4	R0-pilot	MXB16e4	1.200000e+01	113	2560	3.684342e-02	5.280388e-02	948	20480	4.628906e-02	True
MIX3 C2	FHMXB16e4	R0-pilot	MXB16e4	1.500000e+01	58	2560	1.756726e-02	2.917567e-02	451	20480	2.202148e-02	True
MIX3 C2	FHMXB16e4	R1-turbo	MXB16e4	6.000000e+00	540	2560	1.955727e-01	2.271685e-01	4063	20480	1.983887e-01	True
MIX3 C2	FHMXB16e4	R1-turbo	MXB16e4	9.000000e+00	303	2560	1.064141e-01	1.314483e-01	2233	20480	1.090332e-01	True
MIX3 C2	FHMXB16e4	R1-turbo	MXB16e4	1.200000e+01	140	2560	4.652842e-02	6.418102e-02	1220	20480	5.957031e-02	True
MIX3 C2	FHMXB16e4	R1-turbo	MXB16e4	1.500000e+01	79	2560	2.483144e-02	3.829316e-02	568	20480	2.773437e-02	True
MIX3 C2	FHMXB16e4	R2-ours-G	MXB16e4	6.000000e+00	378	2560	1.344420e-01	1.619264e-01	2876	20480	1.404297e-01	True
MIX3 C2	FHMXB16e4	R2-ours-G	MXB16e4	9.000000e+00	214	2560	7.348596e-02	9.494936e-02	1603	20480	7.827148e-02	True
MIX3 C2	FHMXB16e4	R2-ours-G	MXB16e4	1.200000e+01	103	2560	3.328564e-02	4.856086e-02	855	20480	4.174805e-02	True
MIX3 C2	FHMXB16e4	R2-ours-G	MXB16e4	1.500000e+01	49	2560	1.450863e-02	2.521358e-02	428	20480	2.089844e-02	True
MIX3 C2	FHMXB16e4	R3-bigamp	MXB16e4	6.000000e+00	758	2560	2.787251e-01	3.140735e-01	6258	20480	3.055664e-01	True
MIX3 C2	FHMXB16e4	R3-bigamp	MXB16e4	9.000000e+00	753	2560	2.768088e-01	3.120893e-01	5952	20480	2.906250e-01	True
MIX3 C2	FHMXB16e4	R3-bigamp	MXB16e4	1.200000e+01	793	2560	2.921499e-01	3.279515e-01	6266	20480	3.059570e-01	True
MIX3 C2	FHMXB16e4	R3-bigamp	MXB16e4	1.500000e+01	785	2560	2.890797e-01	3.247810e-01	6284	20480	3.068359e-01	True
MIX3 C2	FHMXB16e4	M-ours-bstar	MXB16e4	6.000000e+00	243	2560	8.416696e-02	1.068907e-01	1840	20480	8.984375e-02	True
MIX3 C2	FHMXB16e4	M-ours-bstar	MXB16e4	9.000000e+00	135	2560	4.472723e-02	6.208182e-02	963	20480	4.702148e-02	True
MIX3 C2	FHMXB16e4	M-ours-bstar	MXB16e4	1.200000e+01	58	2560	1.756726e-02	2.917567e-02	444	20480	2.167969e-02	True
MIX3 C2	FHMXB16e4	M-ours-bstar	MXB16e4	1.500000e+01	16	2560	3.850803e-03	1.012879e-02	225	20480	1.098633e-02	False
MIX3 C2	FHMXB16e4	M-ours-dscore-C-V1	MXB16e4	6.000000e+00	193	2560	6.578729e-02	8.626636e-02	1499	20480	7.319336e-02	True
MIX3 C2	FHMXB16e4	M-ours-dscore-C-V1	MXB16e4	9.000000e+00	104	2560	3.364060e-02	4.898599e-02	702	20480	3.427734e-02	True
MIX3 C2	FHMXB16e4	M-ours-dscore-C-V1	MXB16e4	1.200000e+01	41	2560	1.182774e-02	2.165384e-02	313	20480	1.528320e-02	True
MIX3 C2	FHMXB16e4	M-ours-dscore-C-V1	MXB16e4	1.500000e+01	17	2560	4.150261e-03	1.060941e-02	141	20480	6.884766e-03	True
MIX3 C2	FHMXB16e4	R5-genie	MXB16e4	6.000000e+00	68	2560	2.100726e-02	3.353646e-02	482	20480	2.353516e-02	True
MIX3 C2	FHMXB16e4	R5-genie	MXB16e4	9.000000e+00	35	2560	9.846897e-03	1.895421e-02	184	20480	8.984375e-03	False
MIX3 C2	FHMXB16e4	R5-genie	MXB16e4	1.200000e+01	13	2560	2.970129e-03	8.669225e-03	73	20480	3.564453e-03	True
MIX3 C2	FHMXB16e4	R5-genie	MXB16e4	1.500000e+01	2	2560	2.142731e-04	2.844207e-03	42	20480	2.050781e-03	True
MIX3 C2	FHSPMX	SBL-loop	SPMX	6.000000e+00	317	2560	1.116294e-01	1.371541e-01	2480	20480	1.210938e-01	True
MIX3 C2	FHSPMX	SBL-loop	SPMX	9.000000e+00	183	2560	6.213331e-02	8.211955e-02	1265	20480	6.176758e-02	False
MIX3 C2	FHSPMX	SBL-loop	SPMX	1.200000e+01	84	2560	2.658137e-02	4.044362e-02	655	20480	3.198242e-02	True
MIX3 C2	FHSPMX	SBL-loop	SPMX	1.500000e+01	31	2560	8.544066e-03	1.713672e-02	320	20480	1.562500e-02	True
MIX3 C2	FHSPMX	SBL-pilot	SPMX	6.000000e+00	351	2560	1.243278e-01	1.509784e-01	2691	20480	1.313965e-01	True
MIX3 C2	FHSPMX	SBL-pilot	SPMX	9.000000e+00	193	2560	6.578729e-02	8.626636e-02	1420	20480	6.933594e-02	True
MIX3 C2	FHSPMX	SBL-pilot	SPMX	1.200000e+01	94	2560	3.010002e-02	4.472577e-02	723	20480	3.530273e-02	True
MIX3 C2	FHSPMX	SBL-pilot	SPMX	1.500000e+01	40	2560	1.149563e-02	2.120587e-02	334	20480	1.630859e-02	True
MIX3 C2	FHSPMX	OMP-pilot	SPMX	6.000000e+00	601	2560	2.187517e-01	2.515744e-01	4606	20480	2.249023e-01	True
MIX3 C2	FHSPMX	OMP-pilot	SPMX	9.000000e+00	358	2560	1.269476e-01	1.538192e-01	2693	20480	1.314941e-01	True
MIX3 C2	FHSPMX	OMP-pilot	SPMX	1.200000e+01	207	2560	7.091613e-02	9.205863e-02	1555	20480	7.592773e-02	True
MIX3 C2	FHSPMX	OMP-pilot	SPMX	1.500000e+01	93	2560	2.974711e-02	4.429860e-02	828	20480	4.042969e-02	True
MIX3 C2	FHPILMX	V1-pilot	PILMX	6.000000e+00	217	2560	7.458836e-02	9.618720e-02	1672	20480	8.164062e-02	True
MIX3 C2	FHPILMX	V1-pilot	PILMX	9.000000e+00	106	2560	3.435107e-02	4.983567e-02	794	20480	3.876953e-02	True
MIX3 C2	FHPILMX	V1-pilot	PILMX	1.200000e+01	45	2560	1.316313e-02	2.343877e-02	328	20480	1.601562e-02	True
MIX3 C2	FHPILMX	V1-pilot	PILMX	1.500000e+01	20	2560	5.063119e-03	1.203679e-02	147	20480	7.177734e-03	True
MIX3 C2	FHPILMX	bstar-pilot	PILMX	6.000000e+00	266	2560	9.267346e-02	1.163260e-01	2045	20480	9.985352e-02	True
MIX3 C2	FHPILMX	bstar-pilot	PILMX	9.000000e+00	144	2560	4.797162e-02	6.585814e-02	1045	20480	5.102539e-02	True
MIX3 C2	FHPILMX	bstar-pilot	PILMX	1.200000e+01	71	2560	2.204642e-02	3.483754e-02	499	20480	2.436523e-02	True
MIX3 C2	FHPILMX	bstar-pilot	PILMX	1.500000e+01	19	2560	4.756605e-03	1.156323e-02	243	20480	1.186523e-02	False
D2 C2 회전 15°	FHROTaB16e4k	M-ours-dscore-C-V1	ROTaB16e4k	6.000000e+00	20	2560	5.063119e-03	1.203679e-02	141	20480	6.884766e-03	True
D2 C2 회전 15°	FHROTaB16e4k	M-ours-dscore-C-V1	ROTaB16e4k	9.000000e+00	10	2560	2.123204e-03	7.175912e-03	66	20480	3.222656e-03	True
D2 C2 회전 15°	FHROTaB16e4k	M-ours-dscore-C-V1	ROTaB16e4k	1.200000e+01	6	2560	1.074591e-03	5.104208e-03	42	20480	2.050781e-03	True
D2 C2 회전 15°	FHROTaB16e4k	M-ours-dscore-C-V1	ROTaB16e4k	1.500000e+01	3	2560	3.986215e-04	3.439938e-03	24	20480	1.171875e-03	True
D2 C2 회전 15°	FHROTaB16e4k	M-ours-bstar	ROTaB16e4k	6.000000e+00	43	2560	1.249408e-02	2.254765e-02	293	20480	1.430664e-02	True
D2 C2 회전 15°	FHROTaB16e4k	M-ours-bstar	ROTaB16e4k	9.000000e+00	17	2560	4.150261e-03	1.060941e-02	147	20480	7.177734e-03	True
D2 C2 회전 15°	FHROTaB16e4k	M-ours-bstar	ROTaB16e4k	1.200000e+01	11	2560	2.401024e-03	7.678172e-03	107	20480	5.224609e-03	True
D2 C2 회전 15°	FHROTaB16e4k	M-ours-bstar	ROTaB16e4k	1.500000e+01	8	2560	1.584337e-03	6.154620e-03	78	20480	3.808594e-03	True
D2 C2 회전 15°	FHROTaB16e4k	R2-ours-G	ROTaB16e4k	6.000000e+00	76	2560	2.378480e-02	3.699956e-02	520	20480	2.539062e-02	True
D2 C2 회전 15°	FHROTaB16e4k	R2-ours-G	ROTaB16e4k	9.000000e+00	34	2560	9.519730e-03	1.850129e-02	306	20480	1.494141e-02	True
D2 C2 회전 15°	FHROTaB16e4k	R2-ours-G	ROTaB16e4k	1.200000e+01	19	2560	4.756605e-03	1.156323e-02	178	20480	8.691406e-03	True
D2 C2 회전 15°	FHROTaB16e4k	R2-ours-G	ROTaB16e4k	1.500000e+01	15	2560	3.554112e-03	9.645401e-03	136	20480	6.640625e-03	True
D2 C2 회전 15°	FHROTaB16e4k	R1-turbo	XLROTaB16e4k	6.000000e+00	121	2560	3.970188e-02	5.618605e-02	948	20480	4.628906e-02	True
D2 C2 회전 15°	FHROTaB16e4k	R1-turbo	XLROTaB16e4k	9.000000e+00	67	2560	2.066156e-02	3.310208e-02	539	20480	2.631836e-02	True
D2 C2 회전 15°	FHROTaB16e4k	R1-turbo	XLROTaB16e4k	1.200000e+01	31	2560	8.544066e-03	1.713672e-02	295	20480	1.440430e-02	True
D2 C2 회전 15°	FHROTaB16e4k	R1-turbo	XLROTaB16e4k	1.500000e+01	22	2560	5.682068e-03	1.297800e-02	198	20480	9.667969e-03	True
D2 C2 회전 15°	FHROTaB16e4k	R3-bigamp	XLROTaB16e4k	6.000000e+00	141	2560	4.688904e-02	6.460048e-02	1159	20480	5.659180e-02	True
D2 C2 회전 15°	FHROTaB16e4k	R3-bigamp	XLROTaB16e4k	9.000000e+00	132	2560	4.364807e-02	6.082073e-02	1047	20480	5.112305e-02	True
D2 C2 회전 15°	FHROTaB16e4k	R3-bigamp	XLROTaB16e4k	1.200000e+01	142	2560	4.724978e-02	6.501982e-02	1205	20480	5.883789e-02	True
D2 C2 회전 15°	FHROTaB16e4k	R3-bigamp	XLROTaB16e4k	1.500000e+01	145	2560	4.833272e-02	6.627712e-02	1146	20480	5.595703e-02	True
D2 C2 회전 15°	FHROTaB16e4k	R5-genie	ROTaB16e4k	6.000000e+00	9	2560	1.850702e-03	6.668334e-03	71	20480	3.466797e-03	True
D2 C2 회전 15°	FHROTaB16e4k	R5-genie	ROTaB16e4k	9.000000e+00	4	2560	6.077883e-04	4.010851e-03	36	20480	1.757813e-03	True
D2 C2 회전 15°	FHROTaB16e4k	R5-genie	ROTaB16e4k	1.200000e+01	3	2560	3.986215e-04	3.439938e-03	19	20480	9.277344e-04	True
D2 C2 회전 15°	FHROTaB16e4k	R5-genie	ROTaB16e4k	1.500000e+01	4	2560	6.077883e-04	4.010851e-03	18	20480	8.789063e-04	True
D2 C2 회전 15°	FHXPROTaB16e4k	V1-pilot	XPROTaB16e4k	6.000000e+00	23	2560	5.994246e-03	1.344590e-02	148	20480	7.226563e-03	True
D2 C2 회전 15°	FHXPROTaB16e4k	V1-pilot	XPROTaB16e4k	9.000000e+00	10	2560	2.123204e-03	7.175912e-03	70	20480	3.417969e-03	True
D2 C2 회전 15°	FHXPROTaB16e4k	V1-pilot	XPROTaB16e4k	1.200000e+01	6	2560	1.074591e-03	5.104208e-03	43	20480	2.099609e-03	True
D2 C2 회전 15°	FHXPROTaB16e4k	V1-pilot	XPROTaB16e4k	1.500000e+01	3	2560	3.986215e-04	3.439938e-03	20	20480	9.765625e-04	True
D2 C2 회전 15°	FHXAROTaB16e4k	ALD-pilot	XAROTaB16e4k	6.000000e+00	41	2560	1.182774e-02	2.165384e-02	330	20480	1.611328e-02	True
D2 C2 회전 15°	FHXAROTaB16e4k	ALD-pilot	XAROTaB16e4k	9.000000e+00	20	2560	5.063119e-03	1.203679e-02	135	20480	6.591797e-03	True
D2 C2 회전 15°	FHXAROTaB16e4k	ALD-pilot	XAROTaB16e4k	1.200000e+01	7	2560	1.325166e-03	5.633711e-03	78	20480	3.808594e-03	True
D2 C2 회전 15°	FHXAROTaB16e4k	ALD-pilot	XAROTaB16e4k	1.500000e+01	4	2560	6.077883e-04	4.010851e-03	71	20480	3.466797e-03	True
D2 C2 회전 30°	FHROTbB16e4k	M-ours-dscore-C-V1	ROTbB16e4k	6.000000e+00	29	2560	7.898943e-03	1.622168e-02	175	20480	8.544922e-03	True
D2 C2 회전 30°	FHROTbB16e4k	M-ours-dscore-C-V1	ROTbB16e4k	9.000000e+00	11	2560	2.401024e-03	7.678172e-03	107	20480	5.224609e-03	True
D2 C2 회전 30°	FHROTbB16e4k	M-ours-dscore-C-V1	ROTbB16e4k	1.200000e+01	7	2560	1.325166e-03	5.633711e-03	62	20480	3.027344e-03	True
D2 C2 회전 30°	FHROTbB16e4k	M-ours-dscore-C-V1	ROTbB16e4k	1.500000e+01	6	2560	1.074591e-03	5.104208e-03	39	20480	1.904297e-03	True
D2 C2 회전 30°	FHROTbB16e4k	M-ours-bstar	ROTbB16e4k	6.000000e+00	51	2560	1.518480e-02	2.609757e-02	385	20480	1.879883e-02	True
D2 C2 회전 30°	FHROTbB16e4k	M-ours-bstar	ROTbB16e4k	9.000000e+00	29	2560	7.898943e-03	1.622168e-02	246	20480	1.201172e-02	True
D2 C2 회전 30°	FHROTbB16e4k	M-ours-bstar	ROTbB16e4k	1.200000e+01	19	2560	4.756605e-03	1.156323e-02	159	20480	7.763672e-03	True
D2 C2 회전 30°	FHROTbB16e4k	M-ours-bstar	ROTbB16e4k	1.500000e+01	12	2560	2.683508e-03	8.175767e-03	104	20480	5.078125e-03	True
D2 C2 회전 30°	FHROTbB16e4k	R2-ours-G	ROTbB16e4k	6.000000e+00	78	2560	2.448227e-02	3.786225e-02	612	20480	2.988281e-02	True
D2 C2 회전 30°	FHROTbB16e4k	R2-ours-G	ROTbB16e4k	9.000000e+00	35	2560	9.846897e-03	1.895421e-02	378	20480	1.845703e-02	True
D2 C2 회전 30°	FHROTbB16e4k	R2-ours-G	ROTbB16e4k	1.200000e+01	27	2560	7.258572e-03	1.530189e-02	222	20480	1.083984e-02	True
D2 C2 회전 30°	FHROTbB16e4k	R2-ours-G	ROTbB16e4k	1.500000e+01	22	2560	5.682068e-03	1.297800e-02	153	20480	7.470703e-03	True
D2 C2 회전 30°	FHROTbB16e4k	R1-turbo	XLROTbB16e4k	6.000000e+00	128	2560	4.221110e-02	5.913739e-02	1143	20480	5.581055e-02	True
D2 C2 회전 30°	FHROTbB16e4k	R1-turbo	XLROTbB16e4k	9.000000e+00	72	2560	2.239347e-02	3.527057e-02	654	20480	3.193359e-02	True
D2 C2 회전 30°	FHROTbB16e4k	R1-turbo	XLROTbB16e4k	1.200000e+01	45	2560	1.316313e-02	2.343877e-02	383	20480	1.870117e-02	True
D2 C2 회전 30°	FHROTbB16e4k	R1-turbo	XLROTbB16e4k	1.500000e+01	31	2560	8.544066e-03	1.713672e-02	227	20480	1.108398e-02	True
D2 C2 회전 30°	FHROTbB16e4k	R3-bigamp	XLROTbB16e4k	6.000000e+00	173	2560	5.848791e-02	7.796415e-02	1362	20480	6.650391e-02	True
D2 C2 회전 30°	FHROTbB16e4k	R3-bigamp	XLROTbB16e4k	9.000000e+00	164	2560	5.521495e-02	7.421640e-02	1299	20480	6.342773e-02	True
D2 C2 회전 30°	FHROTbB16e4k	R3-bigamp	XLROTbB16e4k	1.200000e+01	172	2560	5.812387e-02	7.754812e-02	1418	20480	6.923828e-02	True
D2 C2 회전 30°	FHROTbB16e4k	R3-bigamp	XLROTbB16e4k	1.500000e+01	171	2560	5.775992e-02	7.713199e-02	1397	20480	6.821289e-02	True
D2 C2 회전 30°	FHROTbB16e4k	R5-genie	ROTbB16e4k	6.000000e+00	13	2560	2.970129e-03	8.669225e-03	79	20480	3.857422e-03	True
D2 C2 회전 30°	FHROTbB16e4k	R5-genie	ROTbB16e4k	9.000000e+00	5	2560	8.345378e-04	4.564181e-03	43	20480	2.099609e-03	True
D2 C2 회전 30°	FHROTbB16e4k	R5-genie	ROTbB16e4k	1.200000e+01	2	2560	2.142731e-04	2.844207e-03	31	20480	1.513672e-03	True
D2 C2 회전 30°	FHROTbB16e4k	R5-genie	ROTbB16e4k	1.500000e+01	3	2560	3.986215e-04	3.439938e-03	14	20480	6.835937e-04	True
D2 C2 회전 30°	FHXPROTbB16e4k	V1-pilot	XPROTbB16e4k	6.000000e+00	31	2560	8.544066e-03	1.713672e-02	197	20480	9.619141e-03	True
D2 C2 회전 30°	FHXPROTbB16e4k	V1-pilot	XPROTbB16e4k	9.000000e+00	12	2560	2.683508e-03	8.175767e-03	110	20480	5.371094e-03	True
D2 C2 회전 30°	FHXPROTbB16e4k	V1-pilot	XPROTbB16e4k	1.200000e+01	6	2560	1.074591e-03	5.104208e-03	63	20480	3.076172e-03	True
D2 C2 회전 30°	FHXPROTbB16e4k	V1-pilot	XPROTbB16e4k	1.500000e+01	6	2560	1.074591e-03	5.104208e-03	42	20480	2.050781e-03	True
D2 C2 회전 30°	FHXAROTbB16e4k	ALD-pilot	XAROTbB16e4k	6.000000e+00	58	2560	1.756726e-02	2.917567e-02	385	20480	1.879883e-02	True
D2 C2 회전 30°	FHXAROTbB16e4k	ALD-pilot	XAROTbB16e4k	9.000000e+00	19	2560	4.756605e-03	1.156323e-02	208	20480	1.015625e-02	True
D2 C2 회전 30°	FHXAROTbB16e4k	ALD-pilot	XAROTbB16e4k	1.200000e+01	13	2560	2.970129e-03	8.669225e-03	112	20480	5.468750e-03	True
D2 C2 회전 30°	FHXAROTbB16e4k	ALD-pilot	XAROTbB16e4k	1.500000e+01	11	2560	2.401024e-03	7.678172e-03	106	20480	5.175781e-03	True
D2 C6 (Sparse specular 16×4)	FHPILNR16	V1-pilot	PILNR16	6.000000e+00	9	2560	1.850702e-03	6.668334e-03	38	20480	1.855469e-03	True
D2 C6 (Sparse specular 16×4)	FHPILNR16	V1-pilot	PILNR16	9.000000e+00	2	2560	2.142731e-04	2.844207e-03	32	20480	1.562500e-03	True
D2 C6 (Sparse specular 16×4)	FHPILNR16	V1-pilot	PILNR16	1.200000e+01	1	2560	6.895823e-05	2.209443e-03	28	20480	1.367187e-03	True
D2 C6 (Sparse specular 16×4)	FHPILNR16	V1-pilot	PILNR16	1.500000e+01	2	2560	2.142731e-04	2.844207e-03	21	20480	1.025391e-03	True
D2 C6 (Sparse specular 16×4)	FHPILNR16	bstar-pilot	PILNR16	6.000000e+00	24	2560	6.308079e-03	1.391215e-02	202	20480	9.863281e-03	True
D2 C6 (Sparse specular 16×4)	FHPILNR16	bstar-pilot	PILNR16	9.000000e+00	16	2560	3.850803e-03	1.012879e-02	144	20480	7.031250e-03	True
D2 C6 (Sparse specular 16×4)	FHPILNR16	bstar-pilot	PILNR16	1.200000e+01	10	2560	2.123204e-03	7.175912e-03	88	20480	4.296875e-03	True
D2 C6 (Sparse specular 16×4)	FHPILNR16	bstar-pilot	PILNR16	1.500000e+01	5	2560	8.345378e-04	4.564181e-03	57	20480	2.783203e-03	True
D2 C6 (Sparse specular 16×4)	FHNR16B16e4	R0-pilot	NR16B16e4	6.000000e+00	41	2560	1.182774e-02	2.165384e-02	341	20480	1.665039e-02	True
D2 C6 (Sparse specular 16×4)	FHNR16B16e4	R0-pilot	NR16B16e4	9.000000e+00	22	2560	5.682068e-03	1.297800e-02	240	20480	1.171875e-02	True
D2 C6 (Sparse specular 16×4)	FHNR16B16e4	R0-pilot	NR16B16e4	1.200000e+01	12	2560	2.683508e-03	8.175767e-03	142	20480	6.933594e-03	True
D2 C6 (Sparse specular 16×4)	FHNR16B16e4	R0-pilot	NR16B16e4	1.500000e+01	8	2560	1.584337e-03	6.154620e-03	85	20480	4.150391e-03	True
D2 C6 (Sparse specular 16×4)	FHSPNR16	SBL-loop	SPNR16	6.000000e+00	27	2560	7.258572e-03	1.530189e-02	251	20480	1.225586e-02	True
D2 C6 (Sparse specular 16×4)	FHSPNR16	SBL-loop	SPNR16	9.000000e+00	8	2560	1.584337e-03	6.154620e-03	154	20480	7.519531e-03	False
D2 C6 (Sparse specular 16×4)	FHSPNR16	SBL-loop	SPNR16	1.200000e+01	10	2560	2.123204e-03	7.175912e-03	102	20480	4.980469e-03	True
D2 C6 (Sparse specular 16×4)	FHSPNR16	SBL-loop	SPNR16	1.500000e+01	7	2560	1.325166e-03	5.633711e-03	62	20480	3.027344e-03	True
D2 C6 (Sparse specular 16×4)	FHSPNR16	SBL-pilot	SPNR16	6.000000e+00	33	2560	9.193508e-03	1.804743e-02	260	20480	1.269531e-02	True
D2 C6 (Sparse specular 16×4)	FHSPNR16	SBL-pilot	SPNR16	9.000000e+00	15	2560	3.554112e-03	9.645401e-03	174	20480	8.496094e-03	True
D2 C6 (Sparse specular 16×4)	FHSPNR16	SBL-pilot	SPNR16	1.200000e+01	15	2560	3.554112e-03	9.645401e-03	119	20480	5.810547e-03	True
D2 C6 (Sparse specular 16×4)	FHSPNR16	SBL-pilot	SPNR16	1.500000e+01	7	2560	1.325166e-03	5.633711e-03	67	20480	3.271484e-03	True
D2 C6 (Sparse specular 16×4)	FHSPNR16	OMP-pilot	SPNR16	6.000000e+00	39	2560	1.116427e-02	2.075715e-02	390	20480	1.904297e-02	True
D2 C6 (Sparse specular 16×4)	FHSPNR16	OMP-pilot	SPNR16	9.000000e+00	22	2560	5.682068e-03	1.297800e-02	282	20480	1.376953e-02	False
D2 C6 (Sparse specular 16×4)	FHSPNR16	OMP-pilot	SPNR16	1.200000e+01	14	2560	3.260451e-03	9.158982e-03	164	20480	8.007812e-03	True
D2 C6 (Sparse specular 16×4)	FHSPNR16	OMP-pilot	SPNR16	1.500000e+01	13	2560	2.970129e-03	8.669225e-03	146	20480	7.128906e-03	True
