trial,gate_score,sec,err,arch,param,domain,width,depth,lr,ema,batch,emb,heads,patch,params,epochs,val_loss,stopped_by,GA,GB,GC,GD,GD_trace
0,2.580610122240084,112.2,,conv,edm,pixel,128,4,9.953474914472149e-05,0.9995,512,128,,,1218434,434,0.8216357231140137,patience,1.8984641932429392e-16,0.02557172036989752,0.3870915183360126,0.1868548151547058,0.032283573290604495
0,4.343279182494072,143.3,,unet,edm,pixel,64,8,7.066814659559484e-05,0.99,256,128,,,5030722,56,0.8299219012260437,patience,2.003288147307204e-16,0.044101716690116755,0.6514918773741109,0.27239325883059207,0.045207950911995295
1,163.17237079482243,59.6,,conv,vp,pixel,96,8,0.004396069451984071,0.999,512,64,,,1347746,26,0.94878751039505,patience,1.0203254784235714e-14,8.158618539741122,17.35126493262223,2.1904572608983717,2.2496299068128023
2,2.695784290101189,94.4,,conv,vp,pixel,16,5,0.0015810879308906078,0.99,256,64,,,25106,143,0.7307643890380859,patience,8.652540519532056e-16,0.04652191041406262,0.40436764351517834,0.26745912269758304,0.035940555039687364
0,2.6111150340473372,289.8,,dit,vp,pixel,64,3,0.00015447887766476703,0.99,512,64,2,2,242312,600,0.7360868453979492,max_epochs,8.833836590378899e-16,0.045494162361501056,0.39166725510710054,0.2985953536453099,0.04722311728024428
3,2.4490415360436475,78.8,,conv,vp,pixel,16,7,0.0018272243982535713,0.99,512,64,,,34386,205,0.729649007320404,patience,9.326577290469293e-16,0.03857844119856191,0.36735623040654714,0.24330348617451433,0.03366033091625565
0,4.910122682467227,419.3,,adm,vp,angle,64,6,0.0008192275535626253,0.9995,512,256,2,,5993538,227,0.7371589541435242,patience,1.1929633405977954e-15,0.09629918618414601,0.736518402370084,0.42767667521630104,0.29838788163428503
4,6.699764470874228,150.6,,conv,ve,pixel,96,8,0.0002732113581674256,0.9995,512,128,,,1353890,300,0.7375444769859314,patience,1.7145098361164558e-16,0.06972820519264444,1.0049646706311341,0.29504724606815236,0.2459641098401248
1,2.0970565306741613,385.5,,unet,ve,pixel,96,4,0.0038939971924836056,0.9995,128,64,,,9376034,216,0.7303480505943298,patience,3.0404561244150964e-16,0.044791669548037705,0.3145584796011242,0.29048147216539755,0.08177841560762755
5,2.5713333572818904,199.2,,conv,edm,pixel,32,6,0.00018395155964997257,0.9995,512,128,,,117346,600,0.8215526342391968,max_epochs,2.0934332045061018e-16,0.024225903960212625,0.3857000035922835,0.20200639717084604,0.027477943046158807
1,2.9177450585467946,499.9,,dit,ve,pixel,128,6,0.0005271730095734937,0.9995,128,128,4,2,1850248,185,0.7357695698738098,patience,2.236018127491533e-16,0.03338503148250349,0.4376617587820192,0.25587490856605555,0.025568250518718447
2,11.859794329818083,88.5,,dit,edm,angle,64,5,5.130414888870874e-05,0.9995,128,128,8,1,396546,19,0.9893835186958313,patience,1.0088054760237937e-16,0.5929897164909042,1.2256900023490258,0.8354752375359162,0.6790603982913948
1,15.809177751406676,580.1,,adm,ve,pixel,128,8,0.00027655036201356705,0.9999,512,128,2,,23742594,302,0.775305449962616,patience,1.2764889200492255e-16,0.3870585418634802,2.3713766627110013,0.7418819889655084,0.6031605926021271
2,2.722559965086418,100.2,,adm,vp,pixel,64,5,9.979295218869066e-05,0.99,512,64,2,,5007426,53,0.7324375510215759,patience,1.0931989504162966e-15,0.048841541840274116,0.40838399476296267,0.31045391286172086,0.12145045891037559
2,8.26127387461616,845.3,,unet,edm,angle,48,8,0.0002416398020743555,0.9999,256,256,,,2862962,326,0.847420334815979,patience,1.7399612976394954e-16,0.10076823358965004,1.2391910811924238,0.3309098200525622,0.10157611996062005
3,2.9116111339254234,581.3,,dit,edm,pixel,64,6,0.0003631938966664367,0.9995,256,128,8,2,470472,387,0.82939213514328,patience,1.9383609777929388e-16,0.036682195119893235,0.4367416700888135,0.2551145638562341,0.030727825966818743
3,2.143910445339571,159.1,,unet,edm,pixel,96,4,0.00048071737137023965,0.99,128,256,,,9449762,45,0.8210561275482178,patience,1.7521283670291532e-16,0.019250512541648,0.3215865668009356,0.19693709720656646,0.023352985207238823
3,10.528643290911345,571.2,,adm,ve,pixel,32,2,0.001137092087593981,0.9999,256,256,4,,1284130,340,0.7593010067939758,patience,1.746617207101843e-16,0.28191029744366447,1.5792964936367018,0.6409546885507343,0.19729241664121042
4,2.0988591590149177,214.8,,dit,vp,angle,64,4,0.001347583137763633,0.999,512,64,8,1,317762,333,0.7296358942985535,patience,9.421434617744455e-16,0.016943912275856787,0.3148288738522376,0.18849851430625866,0.019544459016439125
6,1.9685990919547804,1143.1,,conv,vp,angle,48,5,7.39189248261455e-05,0.9999,128,64,,,215090,600,0.7308597564697266,max_epochs,8.353571568445217e-16,0.0731794166738331,0.2699828679776789,0.3937198183909561,0.1627615715482712
5,19.182794718932726,170.3,,dit,vp,pixel,192,3,0.0008242583670279928,0.9999,512,128,4,2,2140040,275,0.850354790687561,patience,1.8357241847656312e-15,0.5505414462145606,2.877419207839909,0.9572247599602062,0.9970582153754479
4,9.89035720766597,524.2,,unet,ve,pixel,128,5,0.0006541757351052324,0.9999,128,64,,,16650626,209,0.7464559078216553,patience,1.5689656052928415e-16,0.09866012830705295,1.4835535811498954,0.3522580348874489,0.2425768527970847
6,2.470606314153021,257.4,,dit,edm,pixel,192,8,0.0008080262341646341,0.99,512,256,2,1,5499074,207,0.8254002928733826,patience,1.99029884866494e-16,0.02210781915628357,0.37059094712295315,0.20400856051274907,0.027635982241813625
5,1.7866066642152005,135.9,,unet,vp,angle,64,4,0.0006953280076112343,0.999,128,256,,,4225218,83,0.7286301851272583,patience,1.0769619687923002e-15,0.04675606855238623,0.2630552753009864,0.35732133284304013,0.05937184228217324
7,9.654002012709594,384.2,,conv,edm,pixel,96,8,0.00029342566198691856,0.9999,128,64,,,1347746,266,0.8358109593391418,patience,1.8246420506835378e-16,0.06663199906132111,1.448100301906439,0.22300150847003142,0.08212096129624327
6,2.3162295293447133,76.9,,unet,edm,pixel,64,2,0.0008400505286902539,0.99,256,256,,,4225218,73,0.8217419981956482,patience,1.8453528328993893e-16,0.023109961444804705,0.347434429401707,0.19010318896791334,0.023317606891724924
7,2.822912452609762,131.8,,unet,edm,angle,32,5,0.00010746942559079382,0.999,256,256,,,1075298,131,0.8269051909446716,patience,1.9670636431053368e-16,0.05815459550771562,0.42343686789146434,0.37725930949926395,0.04561962946071179
8,1.9022527254662753,181.2,,conv,vp,angle,48,7,0.0001842090036969399,0.99,512,128,,,301298,314,0.7303010821342468,patience,8.809671287087083e-16,0.06940251530375452,0.2809244701874727,0.3804505450932551,0.08814489043902808
7,3.145987640198343,391.4,,dit,edm,pixel,64,6,0.0017633959016557744,0.9995,256,64,2,2,466376,260,0.8300691246986389,patience,2.061779763944564e-16,0.035618583458547404,0.47189814602975144,0.23546263348709626,0.025487662662669882
9,2.5464605622034777,146.8,,conv,ve,pixel,96,4,0.00014073124550274403,0.9995,256,64,,,683426,282,0.7295082211494446,patience,2.8320693363710417e-16,0.029218447435655825,0.3819690843305216,0.2221488069164997,0.06111556597195173
8,15.458409569304186,62.3,,dit,edm,angle,64,3,0.0033997151011349266,0.9995,128,128,4,2,246408,16,0.9904175996780396,patience,8.824115406867692e-17,0.7729204784652093,1.867271224739716,1.0562621529808682,1.055136673804727
8,5.802353176817908,222.0,,unet,ve,angle,96,3,0.0003857183965986607,0.9995,512,256,,,9449762,184,0.7390046715736389,patience,2.2172701837156237e-16,0.08778366422221828,0.8703529765226862,0.42444319944731024,0.26583430846172434
10,2.295461773086786,120.2,,conv,vp,pixel,48,3,0.0009359564178581633,0.9995,256,64,,,131954,242,0.7299830913543701,patience,8.778361609288348e-16,0.03865169248962563,0.3443192659630179,0.2355691159886232,0.10441720663422994
11,2.471154105277575,114.7,,conv,edm,pixel,64,7,0.0002841101201006871,0.999,512,128,,,531778,259,0.8203349709510803,patience,1.6786690072640082e-16,0.016690830285792657,0.3706731157916362,0.16833995589817968,0.024271167411045364
9,17.665875091208605,474.7,,dit,vp,pixel,256,7,0.00017605434622979769,0.9999,512,128,2,2,8521224,445,0.8315346240997314,patience,1.7210581511325076e-15,0.4395133186243787,2.6498812636812907,0.8530707300268439,0.8044873414773878
10,20.482698721902626,92.5,,dit,ve,pixel,256,6,0.001616106044439535,0.9995,512,128,4,1,7340802,54,0.8945826292037964,patience,1.420974782114753e-16,0.6300449936799501,3.072404808285394,0.9979534955941871,0.8620777776461458
11,3.178338700090761,372.1,,dit,ve,angle,192,6,7.767787346508023e-05,0.9995,512,128,2,2,4139336,420,0.7342239022254944,patience,2.5827107288076527e-16,0.04583229993598792,0.47675080501361417,0.300657579236229,0.09515080808980601
12,12.154664684960686,721.1,,conv,vp,angle,96,8,0.0002740548708431802,0.9999,256,64,,,1347746,497,0.759376585483551,patience,1.4825640626170656e-15,0.29831845039380656,1.823199702744103,0.7094801967421968,0.7662190209746333
4,3.021229148161435,1852.7,,adm,vp,angle,16,3,9.607611608037523e-05,0.9999,128,128,2,,322834,434,0.7349574565887451,patience,1.081351495585987e-15,0.061124044222068186,0.45318437222421526,0.4724594794366911,0.1200818351019068
12,10.926112836642101,57.9,,dit,edm,angle,128,7,5.514573610166747e-05,0.9999,512,64,4,1,2140418,23,0.9905089735984802,patience,1.302881823643467e-16,0.5463056418321051,0.9274886391901309,0.7594725583958624,0.5543660010107522
13,10.839466213620636,48.1,,conv,edm,angle,32,7,0.0008948148729305578,0.999,512,128,,,135842,19,0.9906748533248901,patience,1.7338922340437103e-16,0.5419733106810318,0.9881613757506804,0.7217727160548233,0.48725948682810416
9,6.091404604221864,1273.9,,unet,ve,angle,32,7,0.000626174526577653,0.9999,128,256,,,1285538,275,0.7443332672119141,patience,1.8322743938509945e-16,0.12138917321383125,0.9137106906332796,0.47617410481775735,0.3860602320107545
14,2.8450415821099253,418.2,,conv,edm,pixel,16,4,0.0002286954507830925,0.999,128,64,,,20466,542,0.8231138586997986,patience,1.852603186160784e-16,0.03558903278348935,0.42675623731648876,0.23748511489537988,0.026978323559502772
10,8.228804141455411,148.4,,unet,ve,pixel,64,5,0.00040322001381442327,0.9995,512,128,,,4192450,169,0.7471646070480347,patience,1.861597086079506e-16,0.10574879391462844,1.2343206212183115,0.375052460692524,0.33099807756687405
5,10.28210753041624,533.2,,adm,vp,pixel,48,5,0.0008523313674600912,0.9999,256,128,2,,2834738,296,0.7585369944572449,patience,1.6367409315914151e-15,0.27679653657383096,1.5423161295624361,0.6350634735020417,0.25199058432226545
13,4.7534257594520115,504.6,,dit,vp,pixel,256,5,5.4211340518538896e-05,0.9995,256,256,8,2,6187016,353,0.7460785508155823,patience,1.1850615658111942e-15,0.061783711381774076,0.7130138639178016,0.337887749266478,0.03336492270478123
15,9.582845819155732,283.9,,conv,edm,pixel,64,5,0.0009624153251619571,0.9999,256,256,,,392258,530,0.8387865424156189,patience,2.0620352551359212e-16,0.08146664683295834,1.43742687287336,0.2501009425237583,0.09796287152076472
11,6.8175258598435535,312.3,,unet,ve,angle,48,6,0.00013614779969438163,0.9995,512,128,,,2838386,196,0.747765302658081,patience,1.7776176322231635e-16,0.11300585963504584,1.022628878976533,0.4554119502219854,0.29977479409649865
14,3.834070520667768,364.7,,dit,edm,pixel,64,4,0.00014499747194562742,0.99,512,256,2,1,330050,600,0.8551652431488037,max_epochs,1.7489072976789822e-16,0.10927166941826627,0.5751105781001652,0.379972503795601,0.1044314621481199
16,25.132476005658837,216.8,,conv,vp,pixel,32,7,9.583293876410904e-05,0.9999,512,64,,,133794,600,0.8709331750869751,max_epochs,4.513865390519158e-16,1.256623800282942,0.7756759358015564,1.3878488676411638,1.701115315552123
17,2.395037397149179,104.3,,conv,vp,pixel,96,3,0.00019559724745986292,0.999,512,64,,,517346,335,0.7304043173789978,patience,9.076208609870452e-16,0.03396328465029064,0.35925560957237684,0.2321051358630666,0.04439428560097464
18,1770.6120485206368,46.5,,conv,edm,pixel,128,4,0.004170811989502172,0.999,256,64,,,1210242,20,0.9584059119224548,patience,1.4258269509611484e-16,88.53060242603185,63.04322421185651,1.1390892653327949,0.4435985750075802
6,7.125163506023681,685.3,,adm,edm,pixel,96,4,0.0004155311705902924,0.9999,128,256,2,,11317346,186,0.8343464136123657,patience,1.9321862415838924e-16,0.07818151873274148,1.0687745259035522,0.2701392388523352,0.15170067537223245
19,2.1002273367628694,190.3,,conv,vp,pixel,64,5,0.00018507279171068737,0.999,128,256,,,392258,159,0.7290022969245911,patience,9.117623072754995e-16,0.027362112192238275,0.31503410051443037,0.22119264364744784,0.038830030116013124
7,12.097512623147068,268.6,,adm,ve,pixel,128,4,6.207516843265905e-05,0.9995,512,256,4,,20066434,146,0.7562352418899536,patience,1.6256822184367468e-16,0.1892301182538667,1.8146268934720602,0.5189294823642652,0.45752684599570315
20,3.0621160067036457,195.9,,conv,edm,pixel,48,6,5.168187573973288e-05,0.999,512,128,,,259730,600,0.824674129486084,max_epochs,2.402694813005143e-16,0.042837031156651495,0.45931740100554685,0.25007920991263666,0.032348227239242903
15,2.5893302126101814,606.9,,dit,edm,pixel,192,6,0.000700678462894837,0.99,128,128,2,1,4141634,205,0.8263646960258484,patience,1.7962401663493847e-16,0.029641071822963827,0.3883995318915272,0.2194024448092181,0.026143286521856997
21,2.0263036563083325,71.6,,conv,edm,angle,64,3,0.0010671027641617045,0.99,512,256,,,244546,96,0.8238587975502014,patience,2.303098761230101e-16,0.06583487203571559,0.3039455484462499,0.36891391302890825,0.07148420581445046
16,4.195061580550221,161.5,,dit,ve,pixel,256,3,0.0012691976657261649,0.999,512,256,2,2,3820040,243,0.7438551187515259,patience,2.5905770067302746e-16,0.053242063313442944,0.6292592370825332,0.31122821555251695,0.050675487348857275
22,2.4784352823883062,136.7,,conv,vp,pixel,128,7,6.742839769311629e-05,0.999,512,64,,,2095746,313,0.7302830219268799,patience,9.339444535551838e-16,0.035278943768394244,0.3717652923582459,0.24346303253042617,0.05032221091225594
23,2.4771534562492326,107.2,,conv,edm,pixel,48,5,0.0002066763702621363,0.99,512,128,,,218162,299,0.8210802674293518,patience,1.8061143101239673e-16,0.023211633970546153,0.3715730184373849,0.19601690473514283,0.020304990111841614
24,10.918168567789598,41.0,,conv,edm,angle,32,3,0.0005657331380452341,0.999,512,128,,,61858,16,0.990675687789917,patience,1.4930553316326776e-16,0.54590842838948,1.002146771359509,0.723922175544784,0.49032408137013916
12,4.520600635476179,1035.6,,unet,ve,angle,16,2,0.00010910848403647709,0.9999,256,128,,,270130,600,0.7419178485870361,max_epochs,2.2312453906515174e-16,0.12563710735573785,0.6780900953214268,0.4801565571290908,0.2397196518802587
8,1.9196238856753678,410.5,,adm,vp,pixel,64,2,0.0010417817875202917,0.999,128,128,4,,5023810,114,0.7282228469848633,patience,1.0660025994551514e-15,0.022935726116222854,0.28794358285130517,0.23605275838185216,0.034663191146020136
17,4.448613335727565,245.8,,dit,vp,angle,256,4,0.0008499232177125121,0.9995,256,64,4,2,4954376,184,0.7335196137428284,patience,1.3493416750652996e-15,0.032118505256536034,0.6672920003591347,0.2550254190242215,0.06987458981359053
13,2.1464778657987256,218.2,,unet,edm,pixel,64,3,0.0009254693239220365,0.99,128,64,,,4176066,75,0.8208995461463928,patience,2.2215483601168767e-16,0.01823999304335433,0.32197167986980885,0.18618566085344349,0.02037554983056166
9,2.9362953333603943,270.5,,adm,ve,angle,32,2,7.273091421782246e-05,0.999,512,256,4,,1284130,184,0.7354437708854675,patience,3.984319751593528e-16,0.08018721624096559,0.44044430000405915,0.4656265192519972,0.1524451231304051
25,2.8425894382704304,507.4,,conv,vp,pixel,32,4,5.140980504965306e-05,0.9995,128,128,,,80354,600,0.7338236570358276,max_epochs,8.522933103279999e-16,0.057955114946879105,0.4263884157405645,0.31680777896404133,0.051576731066363374
0,8.070224284598556,131.6,,mlp,edm,pixel,384,3,0.0015904948035800374,0.9999,512,128,,,1134016,600,0.8844909071922302,max_epochs,1.9947297658485508e-16,0.2171149888630719,1.2105336426897833,0.3938435238429552,0.2027830734319879
14,2.0307615287708396,306.3,,unet,ve,angle,16,4,0.001073581820707622,0.99,256,64,,,266034,153,0.7305971384048462,patience,2.3747848353424693e-16,0.06928660537662168,0.30461422931562593,0.3918359186233836,0.07522429714249518
10,9.769167856564966,254.6,,adm,vp,pixel,48,8,7.579831109254122e-05,0.9995,512,128,2,,3362354,185,0.7521615624427795,patience,1.7016819359132896e-15,0.1766448045064739,1.4653751784847449,0.5056218032552016,0.41356224182237417
26,621.7600263921256,67.1,,conv,ve,angle,128,6,0.0026116703619685467,0.999,256,64,,,1800578,21,0.9630151987075806,patience,2.954808278073757e-16,31.088001319606285,23.015603781744286,1.9580085586829872,2.00307740973505
15,10.871910657694244,86.9,,unet,edm,angle,128,4,0.0017526399131031923,0.9995,512,256,,,16748930,18,0.9905520677566528,patience,1.3189131626924196e-16,0.5435955328847122,0.9172796659901744,0.7546135525534444,0.5458422647714352
0,12.415123041955791,235.7,,uvit,vp,pixel,128,7,0.0020579379494208116,0.999,128,64,2,1,1516584,71,0.7773415446281433,patience,1.6055581519523583e-15,0.4877633436364597,1.8622684562933687,1.3956393174334465,0.7529672048999629
1,5.172493460485491,123.9,,mlp,vp,angle,384,6,0.00015669051530511465,0.999,256,64,,,1996480,198,0.7693791389465332,patience,9.254609702703092e-16,0.1755005144975501,0.7758740190728236,0.4766679117921718,0.18820815612598876
27,1.9967293921210718,194.7,,conv,ve,angle,16,5,0.002280936396719005,0.9995,512,128,,,26130,600,0.7295924425125122,max_epochs,2.689308265481119e-16,0.06867629323986923,0.2748386769495132,0.3993458784242144,0.08502737748711757
2,19.57150112849731,121.5,,mlp,vp,angle,384,2,0.00041527480066980144,0.9999,512,256,,,887488,600,0.8401224613189697,max_epochs,7.08582189319238e-16,0.9785750564248656,0.7836001352677117,1.2202585848923813,1.482499050883464
28,2.6118628930938965,72.9,,conv,ve,pixel,16,2,0.0029264057459623817,0.999,512,128,,,12210,557,0.7328610420227051,patience,2.1213899889887988e-16,0.06241954484615686,0.3917794339640845,0.3210245802606613,0.054461615278137025
16,10.877410906079703,250.5,,unet,edm,pixel,128,8,0.00490814130554794,0.999,256,256,,,20096642,87,0.9906421303749084,patience,1.211604203677072e-16,0.5438705453039852,0.9176075551047072,0.7547235377512549,0.5460662902874185
17,3.016940603007389,291.7,,unet,edm,pixel,128,3,0.00045148214637097975,0.9995,128,256,,,16748930,89,0.8206440806388855,patience,1.9294374531410768e-16,0.019151130404061245,0.4525410904511083,0.1825573975942944,0.0286323654817927
11,45.20969801138215,619.5,,adm,vp,angle,64,5,0.00417196020502985,0.99,128,128,2,,5023810,125,0.9730519652366638,patience,3.0349856309420663e-16,2.2604849005691077,0.9810987976748219,1.8985425313965134,2.2599267962936693
3,6.529435228914648,466.0,,mlp,vp,pixel,512,6,8.409773720733407e-05,0.9999,128,256,,,3612224,519,0.7497178316116333,patience,1.2737745395652262e-15,0.11984107537053434,0.9794152843371972,0.40365734945953846,0.24004379906861234
29,38.79588970084617,412.9,,conv,ve,angle,32,4,0.003182490328023864,0.9999,128,256,,,84450,249,0.7671315670013428,patience,2.052804149302974e-16,1.5319180932773349,5.819383455126925,0.7067702617806106,0.6282953952507092
18,1.8050711901210592,131.8,,unet,ve,angle,128,4,0.00028749315469643155,0.99,512,128,,,16683394,51,0.7294791340827942,patience,2.5942883179212224e-16,0.04792066424629415,0.26059429122716343,0.36101423802421184,0.07172949686628263
1,2.728979541361752,710.8,,uvit,vp,angle,192,5,0.001173687056235568,0.9995,128,256,4,1,2466280,291,0.740955114364624,patience,8.795002998328868e-16,0.07107107609052332,0.4093469312042628,0.4080879950523295,0.08036115579834162
4,4.867429912041418,114.5,,mlp,vp,pixel,512,7,6.146233070229797e-05,0.99,512,64,,,4039232,267,0.7680515646934509,patience,8.024755725185966e-16,0.1788973223656296,0.7301144868062126,0.4737790688381977,0.1763169618827677
5,8.203253325000873,128.1,,mlp,edm,pixel,384,3,0.0015904948035800374,0.9999,512,128,,,1134016,600,0.8843916058540344,max_epochs,2.122856514451426e-16,0.21786243682612882,1.2304879987501307,0.39133859664324433,0.1975933734777936
12,6.388902653231935,237.7,,adm,edm,pixel,48,8,9.070354655368709e-05,0.9995,256,256,4,,3386930,126,0.8295053839683533,patience,1.891576449049585e-16,0.04082083384332735,0.9583353979847902,0.2165073202237671,0.03928194747809
13,48.88544136817272,74.4,,adm,ve,pixel,48,5,0.004084051247428312,0.999,256,64,2,,2822450,18,0.9507367014884949,patience,7.17088633291425e-17,2.4442720684086363,1.0336973467383286,1.96979734979957,2.42341126059027
7,5.36253896009223,117.4,,mlp,vp,angle,384,6,0.00015669051530511465,0.999,256,64,,,1996480,182,0.7690204381942749,patience,9.168998778638252e-16,0.17773286951964584,0.8043808440138345,0.4789394860197284,0.20302145041900213
19,1.883794492938584,288.2,,unet,edm,angle,32,4,0.0007564205372075705,0.999,256,64,,,1050722,137,0.8214626908302307,patience,2.3741469591003304e-16,0.045708469588036316,0.28256917394078757,0.29085566438269245,0.044196402552109625
8,19.628425078633786,120.7,,mlp,vp,angle,384,2,0.00041527480066980144,0.9999,512,256,,,887488,600,0.8408139944076538,max_epochs,7.014774256806837e-16,0.9814212539316893,0.819451831394403,1.2248837247135673,1.4882395480038881
18,3.4251446424538345,1609.0,,dit,ve,pixel,64,6,0.00012458828093140484,0.999,128,128,8,1,471234,600,0.7518627047538757,max_epochs,2.1326382638519717e-16,0.09563397237802751,0.5137716963680752,0.3710334304136846,0.09299640776333262
2,3.120880744296579,324.3,,uvit,vp,angle,256,7,0.000280141282406827,0.9995,256,64,2,2,6011950,181,0.7337868809700012,patience,1.1030885715746208e-15,0.03731614975774056,0.46813211164448687,0.2605085252898609,0.14731525757497121
6,6.619271017768743,422.8,,mlp,edm,angle,128,8,0.0006232421378722613,0.9999,128,64,,,305600,513,0.8401477932929993,patience,2.101545343963888e-16,0.06281359324792057,0.9928906526653115,0.276483514504473,0.06143696324000157
20,1.5722508592140443,315.4,,unet,edm,angle,64,4,0.0014922557182236542,0.99,128,64,,,4176066,75,0.8199748992919922,patience,1.9031740734600008e-16,0.03995780131945703,0.23583762888210663,0.2759403193393763,0.046257433055948344
10,4.874161950751381,228.5,,mlp,vp,pixel,256,3,7.838364172034728e-05,0.9995,128,256,,,559424,398,0.7676916718482971,patience,8.773449520954509e-16,0.17392534614788202,0.7311242926127071,0.4659795705903467,0.16694049762745417
19,2.1162751230209342,399.1,,dit,vp,angle,64,3,0.0007333614375598464,0.999,128,128,8,2,246408,222,0.7312970757484436,patience,1.0016909929448195e-15,0.024190740030042512,0.31744126845314014,0.22218775455925047,0.03331641409525982
9,6.863930896481547,488.6,,mlp,vp,pixel,512,6,8.409773720733407e-05,0.9999,128,256,,,3612224,528,0.7501687407493591,patience,1.3039116166339014e-15,0.11394611471872462,1.029589634472232,0.3993608142990973,0.226740352968747
11,6.264095342613021,104.9,,mlp,vp,angle,512,2,0.00031104275500753916,0.9995,512,64,,,1412672,539,0.7486593723297119,patience,1.1327386471904577e-15,0.11288298300744937,0.9396143013919531,0.3783843276453607,0.15584592500462446
20,10.92756139831697,59.9,,dit,edm,angle,256,8,0.00011941822660764102,0.9999,512,128,2,2,9704712,20,0.9905388951301575,patience,1.170096181326668e-16,0.5463780699158485,0.930970458211064,0.7606293801775176,0.5567429295459322
3,12.911565809602553,481.5,,uvit,vp,pixel,128,6,0.00012539499197394672,0.9999,512,128,8,2,1523246,600,0.8083921670913696,max_epochs,6.262197134215396e-16,0.6455782904801277,0.63584046122488,0.979043169157765,1.1514407970750724
21,12.87279095830102,45.0,,dit,edm,angle,256,2,0.0002866403626060659,0.999,512,128,4,1,2606850,16,0.9903244972229004,patience,9.648177762844636e-17,0.643639547915051,1.530516906522958,0.9016176769917296,0.7796018967725828
12,4.876201036519065,99.4,,mlp,vp,pixel,512,7,6.146233070229797e-05,0.99,512,64,,,4039232,227,0.7685685157775879,patience,8.402951309480423e-16,0.18557178834159682,0.7314301554778597,0.49123099730392134,0.1945301445719835
21,5.439633904224151,317.3,,unet,edm,pixel,16,5,7.283146398440304e-05,0.9999,512,128,,,270130,600,0.8807142972946167,max_epochs,1.8460038566245214e-16,0.1898741163827029,0.8159450856336227,0.4335020890692786,0.28260692187150394
13,7.293597098545956,124.0,,mlp,vp,pixel,128,3,5.84487228107452e-05,0.99,256,64,,,140480,320,0.7793222665786743,patience,6.661285020101525e-16,0.3646798549272978,0.891651883959986,0.7150801027183086,0.3376826660276416
15,5.935035676569024,56.8,,mlp,vp,pixel,256,8,0.000859764064976851,0.99,512,256,,,1217344,86,0.7703138589859009,patience,9.678847611771051e-16,0.19685285410958975,0.8902553514853536,0.507091285333274,0.22523333441482984
16,5.2910774265789255,112.1,,mlp,vp,pixel,512,4,0.00023948195967636018,0.999,512,64,,,2463296,406,0.7477294206619263,patience,1.1994213534647588e-15,0.10413640734661178,0.7936616139868388,0.3818963434033377,0.09075500073026581
22,8.048064748623995,423.8,,unet,edm,pixel,32,2,0.00016127986508313445,0.9999,256,256,,,1075298,348,0.8529572486877441,patience,1.8208627757320045e-16,0.09101866987680407,1.2072097122935992,0.2964546744016224,0.12601868385403164
17,9.518612497078056,262.2,,mlp,vp,pixel,384,5,0.0007754613993045128,0.9999,256,256,,,1774528,600,0.7586355805397034,max_epochs,1.3666920242432303e-15,0.1863504948308452,1.4277918745617084,0.5059097461670001,0.49398076479766334
22,3.112696063052904,507.2,,dit,edm,pixel,128,8,8.616943517245177e-05,0.99,256,256,4,2,2460296,293,0.8322542905807495,patience,1.8992002075383039e-16,0.04599489240300425,0.46690440945793554,0.29589302030835635,0.03920223856318471
14,6.647141728753221,541.7,,mlp,edm,angle,128,8,0.0006232421378722613,0.9999,128,64,,,305600,511,0.8396955132484436,patience,2.0494931466988716e-16,0.06753944131505052,0.9970712593129831,0.2734425174152494,0.06420765100982705
14,2.3996944890950807,1310.4,,adm,ve,angle,48,2,0.00113721229112912,0.9999,128,256,2,,2859314,356,0.7311580777168274,patience,1.9297375799526985e-16,0.05134581216208689,0.35995417336426205,0.3566370433016083,0.08861700131148406
23,9.353543410886125,224.2,,dit,ve,angle,256,7,0.00017341169904252156,0.9995,512,128,8,2,8521224,259,0.7486721873283386,patience,2.84326044876847e-16,0.07981113846972065,1.4030315116329188,0.3876571953690384,0.07055531590163146
15,48.84416310874498,135.0,,adm,vp,pixel,128,2,0.004848213220508992,0.9999,128,128,2,,20000898,19,0.9797784090042114,patience,1.5175601160312215e-16,2.4422081554372492,1.0324298902217626,1.9697616763740904,2.4234722504799824
19,4.821718506910699,240.6,,mlp,vp,pixel,256,3,7.838364172034728e-05,0.9995,128,256,,,559424,381,0.7681193947792053,patience,8.680250038079166e-16,0.17168109625769845,0.7232577760366048,0.4620188595529524,0.16584956321588554
18,7.251502492890225,320.9,,mlp,edm,pixel,256,5,0.0006026861185853809,0.9999,128,256,,,822592,415,0.8409125208854675,patience,1.94092207756163e-16,0.07214648382570354,1.0877253739335337,0.2652637864126525,0.06602750118733798
20,6.357633779597148,105.8,,mlp,vp,angle,512,2,0.00031104275500753916,0.9995,512,64,,,1412672,544,0.7478023767471313,patience,1.2830108637243008e-15,0.10790337557409035,0.9536450669395721,0.3776274404073879,0.14275611834123417
21,5.729126023693769,118.9,,mlp,ve,angle,512,2,0.0005671576559824788,0.99,128,64,,,1412672,182,0.7446374893188477,patience,2.177401085749945e-16,0.11812098080957334,0.8593689035540653,0.39577765562845757,0.08460650479458462
23,5.861475145340688,51.4,,mlp,vp,pixel,512,2,0.00021541433275216426,0.99,512,256,,,1510976,118,0.7687832713127136,patience,9.291980751412412e-16,0.1834915559828716,0.8792212718011032,0.4791686664048249,0.1894395546136222
22,7.243563658980414,126.4,,mlp,vp,pixel,128,3,5.84487228107452e-05,0.99,256,64,,,140480,334,0.7796081304550171,patience,6.389272826086834e-16,0.3621781829490207,0.9244661125264546,0.7125149349487749,0.35001325559356955
23,6.4770872032266515,615.9,,unet,vp,pixel,16,2,0.0006727402413869976,0.9999,256,256,,,278322,553,0.7449875473976135,patience,1.4826234378209534e-15,0.10506914707092019,0.9715630804839978,0.3834849510158685,0.34736850898292504
25,5.757982259994858,59.6,,mlp,vp,pixel,256,8,0.000859764064976851,0.99,512,256,,,1217344,103,0.7701046466827393,patience,9.444126064918326e-16,0.2017641811653259,0.8636973389992286,0.502176299419026,0.2232548419876488
24,5.124730382306719,131.7,,mlp,ve,angle,512,2,0.00045339874992111786,0.999,128,128,,,1445440,205,0.7426777482032776,patience,2.26861481772226e-16,0.11067547905304953,0.7687095573460079,0.39559528469564403,0.08027217181881245
26,5.440884102774634,116.6,,mlp,vp,pixel,512,4,0.00023948195967636018,0.999,512,64,,,2463296,409,0.7468302249908447,patience,1.162134382982489e-15,0.10428571064034564,0.8161326154161951,0.383065984761455,0.10358447360170196
24,2.158041896650242,142.1,,unet,ve,pixel,128,4,0.0013968157036887527,0.99,512,64,,,16650626,81,0.7287769913673401,patience,2.6100147701163355e-16,0.030278334600368106,0.3237062844975363,0.2607540201697291,0.07122150392547663
24,1.865157773030107,557.5,,dit,ve,angle,256,8,0.0017186690856512766,0.99,128,64,4,1,9691394,151,0.728592574596405,patience,2.4316123811785096e-16,0.01745888861527556,0.279773665954516,0.1744600001990494,0.020252279922171247
27,4.800535442244222,181.0,,mlp,vp,angle,128,8,9.540740546480238e-05,0.999,512,256,,,330176,600,0.7690721750259399,max_epochs,8.007118685683677e-16,0.2164920404704065,0.7200803163366332,0.5269298107508228,0.1933968847024454
25,2.793946121909545,79.5,,dit,ve,pixel,64,8,0.0009041015662031361,0.99,512,128,4,2,619848,181,0.7366709113121033,patience,2.4397477910399746e-16,0.053752362884483595,0.4190919182864318,0.31404672706658815,0.04912419370303166
25,1.9282230912730645,199.7,,unet,edm,pixel,64,3,0.0035823232517595205,0.99,128,128,,,4192450,70,0.819791316986084,patience,2.138094316851867e-16,0.021858515580152726,0.28923346369095965,0.20925777341135313,0.03334560695941949
28,10.05427345973995,265.2,,mlp,vp,pixel,384,5,0.0007754613993045128,0.9999,256,256,,,1774528,600,0.757461667060852,max_epochs,1.4232272787963895e-15,0.18336394105389942,1.5081410189609923,0.4890204108251456,0.45621807768998446
16,9.805271059632576,783.4,,adm,vp,angle,48,2,0.0012723713128524705,0.9999,512,64,4,,2822450,591,0.7572358846664429,patience,1.6827560836496128e-15,0.27138108102289094,1.4707906589448863,0.7162741366827191,0.5178518021420336
26,2.1007483439248755,260.3,,dit,edm,angle,256,8,0.0004091027817157637,0.99,512,128,8,1,9707778,189,0.8229767084121704,patience,1.7038632099893128e-16,0.022005061318733254,0.3151122515887313,0.2048757672586304,0.028149956533553986
29,4.540235607927931,357.8,,mlp,edm,angle,128,3,0.002088874090950608,0.9999,128,256,,,165056,600,0.8368389010429382,max_epochs,1.9251281177327802e-16,0.07825308819697363,0.6810353411891896,0.29653102419530897,0.09201162442304647
26,4.922921745170914,310.2,,unet,vp,pixel,32,6,5.820412567582112e-05,0.9995,256,128,,,1269154,181,0.7417957186698914,patience,1.3289005640019944e-15,0.09720968091461235,0.7384382617756371,0.3902918797782157,0.1776464361601913
30,7.245221172336347,329.4,,mlp,edm,pixel,256,5,0.0006026861185853809,0.9999,128,256,,,822592,412,0.8416160345077515,patience,2.0823542524045108e-16,0.0720707061270307,1.086783175850452,0.2676641507437957,0.06157467835499583
27,3.0635799706790174,87.9,,unet,ve,pixel,64,5,0.0004435787051971486,0.99,512,64,,,4176066,63,0.7323184609413147,patience,2.467895744612223e-16,0.04100277539606956,0.45953699560185257,0.2717568948905437,0.0619237969532473
32,6.461406886489866,69.9,,mlp,ve,angle,512,2,0.0005671576559824788,0.99,128,64,,,1412672,78,0.7699108123779297,patience,2.1661884298500972e-16,0.19928239155858307,0.9692110329734799,0.49832570205856086,0.20785090291913047
28,3.001203787943895,199.9,,unet,vp,pixel,128,2,0.0005050057045888814,0.999,256,64,,,16650626,92,0.7302037477493286,patience,1.144471318372379e-15,0.030726856223676435,0.4501805681915842,0.23953358929194649,0.07963854853801693
4,3.428347611385095,2056.1,,uvit,vp,pixel,128,8,0.0002167571794356754,0.9999,128,64,4,1,1946024,600,0.7429978251457214,max_epochs,9.461783426298031e-16,0.07051598775721346,0.5142521417077642,0.32059453844222263,0.07023653468640054
29,3.6485905675561434,104.9,,unet,ve,pixel,64,7,0.0002639065143954029,0.99,512,64,,,5014338,58,0.7328605055809021,patience,2.409196201147911e-16,0.04544190680645266,0.5472885851334215,0.2980312107901439,0.07807913243175556
5,7.432804367877868,206.4,,uvit,vp,pixel,128,7,0.0020579379494208116,0.999,128,64,2,1,1516584,62,0.777538001537323,patience,8.85914676732195e-16,0.3716402183938934,0.852842604406429,0.7436993771738954,0.1623029372769359
6,6.575681997749636,260.9,,uvit,vp,pixel,128,7,0.0020579379494208116,0.999,128,64,2,1,1516584,78,0.7766149044036865,patience,7.885141465618905e-16,0.3287840998874818,0.7956331768563102,0.6954167129713261,0.29769037279270183
27,2.8301521653459045,694.8,,dit,ve,pixel,64,7,0.00025137543312430636,0.9995,256,128,4,2,545160,427,0.7363814115524292,patience,2.2155723934333983e-16,0.047921414578575794,0.4245228248018857,0.30686317291412274,0.039888141934969125
17,1.9083356087235197,823.5,,adm,vp,angle,16,3,0.000717094285201683,0.9995,128,128,2,,322834,180,0.730296790599823,patience,9.401645717716103e-16,0.06206093629202547,0.2756263272796471,0.38166712174470396,0.10023464909912184
8,12.394041723912634,264.7,,uvit,vp,pixel,128,7,0.0020579379494208116,0.999,128,64,2,1,1516584,82,0.7763683199882507,patience,1.3603340837217373e-15,0.3576060089193498,1.8591062585868952,0.7419883151961747,0.201342909386214
7,5.211808778012766,482.7,,uvit,vp,pixel,192,3,0.00018189051591570494,0.9999,256,64,8,2,1463470,600,0.7495642304420471,max_epochs,1.222770347176537e-15,0.12834811818698966,0.7817713167019148,0.4420164939297672,0.36165764192975697
18,5.212409527297831,364.3,,adm,edm,pixel,128,5,5.752607772720146e-05,0.9995,128,128,4,,20000898,79,0.8240717053413391,patience,2.2556302714993923e-16,0.02506274287048149,0.7818614290946747,0.190529205593021,0.028854123144741173
28,2.7135634749089355,417.5,,dit,ve,pixel,128,4,0.00012762829008379663,0.999,256,64,2,2,1248392,367,0.7344393730163574,patience,2.3542762955306557e-16,0.03234739693347044,0.4070345212363403,0.2533016491852948,0.0303419706341818
9,1.8140882163601755,620.0,,uvit,vp,angle,192,5,0.001173687056235568,0.9995,128,256,4,1,2466280,353,0.7304074168205261,patience,8.903550996898103e-16,0.029620106572176397,0.2721132324540263,0.244977160913662,0.04314832915160032
19,1.87245219191084,189.0,,adm,ve,angle,16,7,0.0010299062258250058,0.99,512,256,4,,390162,94,0.7306641936302185,patience,2.3152837462763077e-16,0.06436770771433697,0.280867828786626,0.33420225951036203,0.09253592789682293
12,2.2802783149696375,414.0,,uvit,vp,angle,192,8,0.0004437329992616727,0.99,128,64,4,2,4354414,103,0.7306448221206665,patience,9.595230080306943e-16,0.034937327386814765,0.3420417472454456,0.2632549864870813,0.06451036243139625
14,2.2991441892717557,150.9,,uvit,edm,angle,192,3,0.001044622930978342,0.999,256,256,4,2,1500334,184,0.8243827223777771,patience,1.7808205714052824e-16,0.02930559814446121,0.34487162839076335,0.22990986857757434,0.032625314731318876
13,2.7589255953858194,332.1,,uvit,vp,angle,256,7,0.000280141282406827,0.9995,256,64,2,2,6011950,187,0.7314730286598206,patience,1.175440955850225e-15,0.028511603758379245,0.4138388393078729,0.2414511727657141,0.10340252547043795
11,2.8351242250891038,715.6,,uvit,vp,angle,192,5,0.001173687056235568,0.9995,128,256,4,1,2466280,287,0.743521511554718,patience,8.587936214708616e-16,0.07487132105659366,0.42526863376336554,0.39304421914765375,0.08692522111682205
20,7.610175662207525,235.1,,adm,edm,pixel,64,7,0.0007670918314296845,0.9995,512,128,4,,5960770,164,0.8348417282104492,patience,1.9072118171880767e-16,0.08138730188905874,1.1415263493311287,0.2779367172055274,0.12185083494059015
29,13.57190932529526,525.0,,dit,ve,angle,256,5,0.0024727765119061836,0.9999,128,256,2,1,6190082,197,0.7947288155555725,patience,1.2952458970544411e-16,0.6785954662647631,1.0482001869939384,1.0580217252473945,1.231492945863884
15,5.807887487962264,362.0,,uvit,ve,pixel,256,4,5.538673391762082e-05,0.99,512,64,8,1,4304168,453,0.7731037735939026,patience,1.8179925738085962e-16,0.2903943743981132,0.6882009293247278,0.6658960191386741,0.2596795101348592
17,2.6782852518999274,333.1,,uvit,vp,angle,256,7,0.000280141282406827,0.9995,256,64,2,2,6011950,184,0.7312435507774353,patience,1.2982430017725486e-15,0.025141134277677946,0.4017427877849891,0.2298475880235796,0.11320065526337995
10,2.417015939713477,1339.6,,uvit,vp,angle,192,5,0.001173687056235568,0.9995,128,256,4,1,2466280,567,0.7379260063171387,patience,8.495123408264945e-16,0.05781502436042696,0.3625523909570215,0.34539876705063094,0.06615826476536768
16,12.583812609193528,470.2,,uvit,vp,pixel,128,6,0.00012539499197394672,0.9999,512,128,8,2,1523246,600,0.8040554523468018,max_epochs,6.262646258663971e-16,0.6291906304596764,0.6400459829585282,0.9789521190102823,1.152841694569729
21,10.584783063749015,552.0,,adm,edm,pixel,128,5,0.0001274402750696897,0.9999,256,256,2,,20066434,230,0.8516461849212646,patience,2.45264393234434e-16,0.1505934428970026,1.5877174595623522,0.3507430784449501,0.13819005993062827
22,2.0762746017769813,86.1,,adm,ve,angle,64,5,0.00017452882873332187,0.99,512,64,2,,5007426,57,0.7304190993309021,patience,2.5090500991094355e-16,0.06005862828582731,0.3114411902665472,0.3661424051333788,0.0762401342024937
20,2.741877353378488,343.4,,uvit,vp,angle,256,7,0.000280141282406827,0.9995,256,64,2,2,6011950,192,0.7304487824440002,patience,1.1749796797160348e-15,0.02874549253945191,0.4112816030067732,0.24085287976423272,0.08516493729385069
19,16.607941324662097,493.3,,uvit,vp,pixel,128,6,0.00012539499197394672,0.9999,512,128,8,2,1523246,600,0.8305774331092834,max_epochs,5.072885575890844e-16,0.8303970662331048,0.7013605417720913,1.107574793598502,1.281798209601184
24,3.061528712708259,198.1,,adm,vp,pixel,48,4,0.0001115724911667996,0.999,256,64,4,,2822450,93,0.7337841987609863,patience,1.1907230525072362e-15,0.05049042783720603,0.45922930690623887,0.30185910119656634,0.10596826664707552
18,2.3922167915049832,629.2,,uvit,ve,angle,256,8,0.000491970684749383,0.99,128,256,4,2,7771950,160,0.7320148348808289,patience,2.345345642249922e-16,0.04565805817804458,0.35883251872574745,0.30872284180736703,0.04394646225732721
23,5.214210605673843,424.3,,adm,vp,angle,64,6,0.0008192275535626253,0.9995,512,256,2,,5993538,218,0.7373465299606323,patience,1.341424583340084e-15,0.08943501034503609,0.7821315908510764,0.4296723617853181,0.3045935256507223
24,2.8792934181908527,268.6,,uvit,ve,pixel,64,4,0.0008540169258548046,0.999,512,128,2,1,281448,600,0.7397647500038147,max_epochs,2.180099725214869e-16,0.05884022557737234,0.4318940127286279,0.31070920106439354,0.05172549284398149
22,13.113763422290154,485.0,,uvit,vp,pixel,128,6,0.00012539499197394672,0.9999,512,128,8,2,1523246,600,0.8044047951698303,max_epochs,6.373956255041884e-16,0.6556881711145077,0.683002291540877,0.9951777012497177,1.1682212188983376
25,12.74228903068165,699.0,,adm,vp,angle,48,3,0.0002974330739115114,0.9999,512,128,4,,2834738,516,0.7614994645118713,patience,1.7368548524064594e-15,0.23216710292540266,1.9113433546022476,0.6474430867315689,0.55435580587984
26,15.394445032638346,602.9,,adm,ve,pixel,128,8,0.00027655036201356705,0.9999,512,128,2,,23742594,306,0.7723814249038696,patience,1.4346661655640175e-16,0.35826668028405906,2.309166754895752,0.7217426609392833,0.5612390879199304
28,2.6740858879670864,101.4,,adm,vp,pixel,64,5,9.979295218869066e-05,0.99,512,64,2,,5007426,57,0.7324153184890747,patience,1.0923792300342945e-15,0.05779441295735244,0.40111288319506294,0.3314184003892824,0.14090881644268213
25,6.380183959744303,512.8,,uvit,ve,pixel,192,2,0.0024914201070930873,0.9999,256,64,4,1,1465768,580,0.7880473732948303,patience,1.5706449031056437e-16,0.31900919798721517,0.8111029974023616,0.7214539769949042,0.4315700045199574
27,5.132459330273246,685.8,,adm,edm,pixel,48,6,0.0027724582827601,0.9999,512,64,4,,3350066,564,0.8432755470275879,patience,2.1284555334608925e-16,0.11243165661893029,0.7698688995409869,0.337035649932313,0.09656679161133178
29,11.289651501627848,583.3,,adm,ve,pixel,32,2,0.001137092087593981,0.9999,256,256,4,,1284130,344,0.7585680484771729,patience,1.6596513838722715e-16,0.19094153693687876,1.693447725244177,0.5301317853794373,0.17414121811581432
21,3.2245035362151397,2041.4,,uvit,vp,pixel,128,8,0.0002167571794356754,0.9999,128,64,4,1,1946024,600,0.740536093711853,max_epochs,9.144500950138665e-16,0.07168122582264114,0.48367553043227096,0.32321210058349337,0.1135215230817829
29,12.420373824759912,148.2,,uvit,vp,pixel,128,7,0.0020579379494208116,0.999,128,64,2,1,1516584,37,0.7974515557289124,patience,4.922836674445635e-16,0.6210186912379956,0.8286336098422215,0.8922737090780677,0.9765936652329702
27,6.9244153236511785,828.8,,uvit,edm,angle,128,8,0.0007290690432940092,0.9999,256,64,4,2,1944494,423,0.8466597199440002,patience,1.907863492214856e-16,0.08804112682165477,1.0386622985476768,0.2763882058601377,0.10034904111946903
28,6.431626718131751,320.2,,uvit,vp,pixel,128,7,0.0020579379494208116,0.999,128,64,2,1,1516584,102,0.7762227058410645,patience,7.591412521437127e-16,0.32158133590658755,0.7219151211332642,0.6874401326950387,0.3123120985686405
32,2.357557588432968,184.6,,uvit,ve,angle,256,4,0.0003060422418465345,0.999,512,256,2,2,4350254,204,0.7317567467689514,patience,2.271050345177364e-16,0.03458610267321216,0.3536336382649452,0.2676615522194916,0.10087945962636931
23,3.2559399266680225,2049.5,,uvit,vp,pixel,128,8,0.0002167571794356754,0.9999,128,64,4,1,1946024,600,0.7395079731941223,max_epochs,9.603369698313128e-16,0.06564631512268804,0.48839098900020333,0.309916071671946,0.13447067645422778
30,5.365572805635729,507.0,,uvit,vp,pixel,192,3,0.00018189051591570494,0.9999,256,64,8,2,1463470,589,0.7504886984825134,patience,1.248573238368459e-15,0.1297572051064888,0.8048359208453594,0.44427308554469874,0.36429659305526546
26,4.3497046089089535,2034.2,,uvit,vp,pixel,128,8,0.0002167571794356754,0.9999,128,64,4,1,1946024,600,0.7425249218940735,max_epochs,1.0589621925293937e-15,0.06743820587976646,0.652455691336343,0.31303814747681197,0.09441544833434902
35,4.673840463104521,527.9,,uvit,vp,pixel,192,3,0.00018189051591570494,0.9999,256,64,8,2,1463470,592,0.747165322303772,patience,1.238890226655921e-15,0.11723028178030792,0.7010760694656781,0.42369395925309206,0.34310697581476785
36,2.322273754993537,462.4,,uvit,vp,angle,192,8,0.0004437329992616727,0.99,128,64,4,2,4354414,120,0.73150235414505,patience,1.1311437503241707e-15,0.030746140198329552,0.3483410632490305,0.2579383526274105,0.0480309619379443
31,1.8781207950205625,1048.5,,uvit,vp,angle,192,5,0.001173687056235568,0.9995,128,256,4,1,2466280,444,0.7305249571800232,patience,9.297834741712488e-16,0.031568624170246196,0.2817181192530844,0.2519630908584856,0.032881040614179666
39,2.2967020031739893,186.3,,uvit,edm,angle,192,3,0.001044622930978342,0.999,256,256,4,2,1500334,164,0.8233607411384583,patience,1.9318010713764214e-16,0.02878019254338593,0.3445053004760984,0.22771300462602312,0.029744854412986323
34,1.8748146863744857,987.7,,uvit,edm,angle,256,7,9.840222144053405e-05,0.999,128,64,2,1,6015016,303,0.8227882385253906,patience,1.8295055795141381e-16,0.020031445520710456,0.28122220295617284,0.19848365617817618,0.021777907759975113
38,2.215289566988705,358.0,,uvit,vp,angle,192,8,0.0004437329992616727,0.99,128,64,4,2,4354414,90,0.7309558391571045,patience,9.766256587683604e-16,0.039999040955394305,0.3322934350483058,0.26817490255494125,0.06346222698879199
33,2.0066123976545995,1065.5,,uvit,vp,angle,192,5,0.001173687056235568,0.9995,128,256,4,1,2466280,495,0.7304985523223877,patience,9.356642705634377e-16,0.0218298245475268,0.3009918596481899,0.2438624236803317,0.03432874470472136
37,4.875417984613032,530.0,,uvit,vp,pixel,192,3,0.00018189051591570494,0.9999,256,64,8,2,1463470,600,0.7478938102722168,max_epochs,1.2732935064625767e-15,0.11727222509720447,0.7313126976919547,0.4278527440454301,0.3396359569505133
40,2.5945971556429783,330.2,,uvit,vp,angle,256,7,0.000280141282406827,0.9995,256,64,2,2,6011950,185,0.7314243912696838,patience,1.2469644427385297e-15,0.02737130947871025,0.3891895733464467,0.2506678714248009,0.11550486186694797
41,6.106990487573429,273.0,,uvit,ve,pixel,256,4,5.538673391762082e-05,0.99,512,64,8,1,4304168,343,0.7742472290992737,patience,1.730135027526289e-16,0.30534952437867147,0.6954987769190667,0.6827762060503897,0.26695168959932225
43,2.325702560985325,201.6,,uvit,edm,angle,192,3,0.001044622930978342,0.999,256,256,4,2,1500334,181,0.8235881924629211,patience,2.1286798511372486e-16,0.028081026500853312,0.34885538414779876,0.22933362053935688,0.03467949695656519
44,2.6577285995423057,311.5,,uvit,vp,angle,256,7,0.000280141282406827,0.9995,256,64,2,2,6011950,176,0.7315647602081299,patience,1.1462002666934094e-15,0.03119470131337221,0.3986592899313458,0.2508138636750188,0.13720122694141132
